,Name,Calories,Carbs,Fats,Proteins,Fiber,Cholestrol,Sugar
0,"Indianlife, Chevdo",140,12.0,9.0,4.0,2.0,0,3.0
1,Naan,160,24.0,4.5,4.0,2.0,0,0
2,Papadums,25,4.0,0.0,2.0,2.0,0,1
3,"Indianlife, Channadal",150,11.0,11.0,4.0,3.0,0,2.0
4,"Indianlife, Garlic Naan",270,49.0,6.0,7.0,2.0,0,2
5,"Indianlife, Masala Chips",180,15.0,12.0,3.0,1.0,0,0
6,"Spicy Traditional Indian Crackers, Indian Puppodums",80,13.0,0.0,6.0,4.0,0,0
7,"Indianlife, Whole Wheat Naan",260,45.0,6.0,9.0,8.0,0,1
8,"Indianfile, Coriander & Herbs Naan",260,46.0,5.0,7.0,2.0,0,2.0
9,"Indianlife, Hot Masala Peas",140,4.0,14.0,1.0,1.0,0,1
10,Tortilla,340,56.0,9.0,7.0,2.0,0,0
11,Samosa Chips,140,17.0,7.0,3.0,1.0,0,10
12,Indian Cooking Sauce,150,15.0,10.0,2.0,2.0,0,2.0
13,Masala Peas,140,4.0,14.0,1.0,1.0,0,3
14,"Mattar Paneer, Indian",320,54.0,8.0,11.0,6.0,20.0,8
15,Tamarind Chutney,25,7.0,0.0,0.0,0.0,0,6
16,Indian Samosa Wrap,250,35.0,9.0,8.0,4.0,0,2.0
17,Authentic Indian Corn,90,19.0,1.0,2.0,2.0,0,0
18,Popcorn,150,14.0,9.0,2.0,2.0,5.0,2.0
19,Indian Daal,319,36.9,9.9,10.6,20.1,0,0
20,Madras Chicken Indian,518,17.5,28.0,38.5,3.5,0,0
21,Popcorn,130,21.0,4.5,1.0,2.0,0,7.0
22,Hot Punjabi Mix,140,8.0,11.0,4.0,2.0,0,1
23,Popcorn,160,13.0,12.0,2.0,1.0,5.0,0
24,Indian Channa Masala,165,17.9,6.0,6.0,4.5,0,0
25,Indian Simmer Sauce Coconut Curry,100,8.0,7.0,1.0,1.0,0,4.0
26,Popcorn,130,21.0,5.0,1.0,2.0,0,6.0
27,Popcorn,140,20.0,6.0,1.0,1.0,5.0,9.0
28,Indian Corn Candy,140,35.0,0.0,0.0,0.0,0,27
29,Indian Daal Curry,319,36.9,9.9,10.6,20.1,0,0
30,Popcorn,30,20.0,3.5,3.0,4.0,0,0
31,Candy,150,37.0,0.0,0.0,0.0,0,0
32,Popcorn,130,18.0,6.0,3.0,3.0,0,0
33,Popcorn,130,21.0,5.0,1.0,2.0,0,9.0
34,Daal Indian Meal,264,24.0,12.0,9.0,0.0,0,0
35,Indian Diced Tomatoes,35,7.0,0.0,1.0,1.0,0,0
36,"Popcorn, Indiana, Drizzlecorn, Popcorn, Chocolate Peanut Butter",140,19.0,7.0,2.0,1.0,0,5.0
37,Indian Dal (Lentil Soup) Spice Mix,10,1.0,0.0,1.0,1.0,0,11.0
38,Mild Indian Curry Sauce,70,3.0,6.0,0.0,0.0,0,3
39,Plain Traditional Indian Crackers,80,14.0,0.0,7.0,3.0,0,0
40,"Indian Puppodums, Spicy",80,13.0,0.0,6.0,4.0,0,0
41,"Indian Puppodums, Plain",80,14.0,0.0,7.0,3.0,0,0
42,"Flambeau Sauce, West Indian",0,0.0,0.0,0.0,0.0,0,0
43,Indian Gooseberry Organic Amla Powder,15,4.0,0.0,0.0,3.0,0,0
44,Indian Butter Chicken Indian Scratch Kit,65,8.0,3.0,2.0,0.0,0,3
45,Popcorn Indiana Gourmet Aged White Cheddar Kettlecorn,160,12.0,11.0,3.0,2.0,5,1
46,Balti Indian Style Sauce,154,22.0,4.4,2.2,0.0,0,0
47,Korma Indian Style Sauce,150,12.3,10.1,1.1,1.1,0,0
48,Indian Chicken Korma,575,66.0,23.0,25.0,4.6,58.0,0
49,Indian Chicken Madras,420,48.0,15.0,24.0,3.0,70,0
50,Indian Curry Sauce,20,4.0,0.0,0.0,0.0,0,0
51,Balti Chicken Tikka Indian,427,17.5,21.0,38.5,0.0,0,0
52,Jalfrezi Vegetable Eastern Indian,208,8.0,12.0,12.0,4.0,0,0
53,Indian Style Selection Samosas,50,5.7,2.7,1.1,0.6,0,0
54,Indian Chicken Biryani,520,81.0,12.0,23.0,3.0,40.0,0
55,Indian Naan Flatbread,190,33.0,3.5,6.0,1.0,5.0,0
56,Pakoras Mixed Vegetables,120,17.0,4.5,3.0,2.0,0,4
57,Indian Lentil Stew,140,28.0,1.0,6.0,4.0,0,3
58,Indian Style Easy-Rice,220,42.0,3.0,6.0,2.0,0,1
59,Indian Potato Snack,290,21.0,21.0,4.0,0.0,0,0
60,Authentic Indian Noodle,310,43.0,13.0,6.0,2.0,0,4
61,Indian Tonic Water,70,18.0,0.0,0.0,0.0,0,18
62,"Quinoa, Indian Spice",202,15.0,9.0,11.0,7.0,1,3.0
63,"SprouTofu, Indian Curry",130,5.0,6.0,13.0,0.0,0,2
64,Indian Mattar Paneer,370,54.0,11.0,13.0,6.0,20,8
65,Indian Palak Paneer,300,38.0,11.0,12.0,6.0,15.0,5.0
66,Indian Mattar Paneer,370,54.0,11.0,13.0,6.0,20,8
67,Paneer Indian Cheese,90,0.5,8.0,6.0,0.0,25.0,0
68,Indian Rice,177,39.0,0.0,4.3,0.5,0,0
69,Traditional Indian Roti,130,19.0,3.5,5.0,0.0,0,2
70,"Indian Cheese, Paneer",90,0.5,8.0,6.0,0.0,25.0,0
71,Bacon Tocino,80,0.0,7.0,5.0,0.0,15,0
72,Kettlecorn,92,15.0,3.5,1.0,1.0,0,4
73,Fit Popcorn,80,11.0,4.0,1.0,2.0,0,0
74,Indian Tonic Water,18,4.8,0.0,0.0,0.0,0,4.8
75,Indian Corn candy,140,36.0,0.0,0.0,0.0,0,0
76,"Papadums, Plain",25,4.0,0.0,2.0,2.0,0,0
77,Kettlecorn Popcorn,130,21.0,5.0,1.0,2.0,0,6
78,Chia Wrap,290,45.0,8.0,8.0,5.0,0,1
79,"Naan, Whole Wheat",260,45.0,6.0,9.0,8.0,0,1
80,Red Grapefruit,60,15.0,0.0,1.0,2.0,0,11
81,Khaman,160,14.0,10.0,4.0,3.0,0,1
82,Indian Grain Bread,100,19.0,1.0,3.0,1.0,0,3
83,Naan Northern Indian Bread,356,56.2,8.8,10.0,1.2,0,0
84,Chicken Fillets Indian Style,224,8.0,8.0,26.0,2.0,0,0
85,Indian Basmati Rice,179,39.0,0.5,4.2,0.5,0,0
86,Tandoori Indian Prawns Bhuna,152,8.0,8.0,10.0,2.0,0,0
87,Masala Peas Snack Mix,140,4.0,14.0,1.0,1.0,0,2
88,Spicy Honey Mustard,150,16.0,9.0,1.0,2.0,0,7.0
89,Indian Veggie Masala Entree,380,62.0,9.0,11.0,10.0,15,14
90,Indian Corn,140,35.0,0.0,0.0,0.0,0,0
91,"Indian Mango Chutney, bottled",50,12.5,0.0,0.0,0.0,0,11.5
92,Puppodums Spicy Indian Crackers,80,13.0,0.0,6.0,4.0,0,0
93,Balti Chicken Indian Takeaway,362,16.1,16.1,28.1,0.0,0,0
94,"Tuna, Mild Indian Curry",118,6.4,5.4,10.9,0.0,0,0
95,Summer Picnic Bbq,150,16.0,9.0,1.0,2.0,0,7.0
96,Smoked Mackerel,365,1.5,30.0,21.8,1.2,0,0
97,Balti Indian Sauce,25,2.5,1.4,0.3,0.3,0,0
98,"Indian Samosa Wrap, frozen",250,35.0,9.0,8.0,4.0,0,2
99,Tonic Water,4,0.0,0.0,0.0,0.0,0,0
100,Indian Tonic Water,26,6.2,0.0,0.0,0.0,0,0
101,Indian Chana Masala,462,82.0,9.1,13.0,11.0,0,0
102,Indian Butter Chicken,490,61.0,18.0,21.0,2.5,89.0,0
103,Plain Indian To Go Poppadoms,32,3.4,1.4,1.4,0.7,0,0
104,Paneer Indian Cheese,90,0.5,8.0,6.0,0.0,25.0,0
105,Ghee,120,0.0,14.0,0.0,0.0,35,0
106,Indian Cooking Sauce,110,12.0,6.0,2.0,2.0,0,3
107,Mumbai Mix,160,9.0,12.0,6.0,2.0,0,1
108,Caramel Popcorn,110,26.0,0.0,1.0,1.0,0,22
109,Indian Vegetable Korma,310,41.0,12.0,9.0,7.0,0,7
110,Indian Vegetable Drumsticks,20,3.0,0.0,2.0,2.0,0,0
111,Indian Corn Candy,140,35.0,0.0,0.0,0.0,0,27
112,Indian Corn Candy,140,35.0,0.0,0.0,0.0,0,27
113,Natural Applesauce,86,22.2,0.2,0.2,1.5,0,18.6
114,Indian Vegetable Korma,310,41.0,12.0,9.0,7.0,0,7
115,Kettlecorn,90,15.0,3.5,1.0,1.0,0,4
116,Garlic Naan,150,24.0,4.0,4.0,2.0,0,1
117,Indian Mattar Tofu,280,40.0,8.0,12.0,5.0,0,5
118,Indian Tonic Water,70,18.0,0.0,0.0,0.0,0,18
119,Grape Juice,160,40.0,0.0,0.0,0.0,0,39
120,Indian Snacks Mixture,260,23.0,15.0,8.0,1.0,0,0
121,Ham Steaks,60,1.0,2.5,9.0,0.0,30,1
122,Indian Tonic Water,30,7.6,0.0,0.0,0.0,0,5.8
123,Spinach Wrap,290,46.0,7.0,6.0,2.0,0,2
124,Kettle Corn,130,21.0,5.0,1.0,2.0,0,6
125,Tandoori Naan,150,24.0,4.0,4.0,2.0,0,1
126,Indian-style Yogurt,130,11.0,6.0,7.0,0.0,25,9
127,Kettle Corn,130,21.0,5.0,1.0,2.0,0,6
128,Fafda,45,9.0,0.0,2.0,1.0,0,0
129,Traditional Indian Roti,130,20.0,4.0,4.0,1.0,0,1
130,Red Curry,50,4.0,4.5,1.0,1.0,0,0
131,Chapati,70,12.0,1.0,3.0,1.0,0,1
132,Bombay Aloo,140,13.0,8.0,3.0,3.0,0,0
133,Indian Cheese,90,0.5,8.0,6.0,0.0,0,0
134,Kettlecorn,130,21.0,5.0,1.0,2.0,0,5
135,Spinach Wrap,290,46.0,7.0,6.0,2.0,25.0,0
136,Indian-Inspired Lentil Soup,240,19.0,16.0,6.0,6.0,0,9.0
137,Kettlecorn,130,21.0,5.0,1.0,2.0,0,2
138,"Pakoras, Mixed Vegetables",110,16.0,4.5,3.0,2.0,55.0,5.0
139,Indian Tonic Water,80,20.0,0.0,0.0,0.0,0,6
140,Masala Chickpea Wrap,670,118.0,17.0,26.0,12.0,0,3
141,Spicy Chevdo,140,12.0,9.0,4.0,2.0,0,19
142,Kettlecorn,130,21.0,5.0,1.0,2.0,0,13
143,Spinach Naan,200,46.0,5.0,7.0,2.0,0,3
144,Chatpate Choley,200,25.0,8.0,7.0,2.0,0,9.0
145,"Lentil, Indian Style",160,30.0,3.0,7.0,8.0,0,2
146,Soft Roti,130,20.0,4.0,3.0,3.0,0,0
147,Indian Soup,94,14.0,3.0,3.0,1.5,0,9
148,"Popcorn, Ranch",160,13.0,11.0,3.0,2.0,0,0
149,Indian Basmati Rice,349,78.5,0.8,7.0,2.4,0,5.5
150,Indian Mattar Paneer,370,49.0,13.0,13.0,5.0,0,2
151,"Indian Noodles, Masala",370,53.0,16.0,9.0,3.0,0,0
152,"Kasmati, Rice, Indian-Style Basmati",150,34.0,0.5,3.0,0.0,20.0,8
153,"Amy's, Indian, Vegetable Korma",309,41.0,12.0,9.0,7.0,0,4
154,"Amy's, Mattar Paneer, Indian",369,54.0,11.0,13.0,6.0,25,13
155,Indian Style Basmati Rice,150,34.0,0.5,3.0,0.0,0,27
156,"Amy's, Indian Mattar Paneer",369,54.0,11.0,13.0,6.0,0,0
157,Chicken Tikka Masala Seasoning Mix,15,3.0,0.0,0.0,0.0,0,1
158,Naan,160,24.0,4.5,4.0,2.0,0,6
159,Indian Beans,104,16.0,0.0,0.0,2.0,0,0
160,Samosa Chips,100,12.0,5.0,2.0,0.0,0,22
161,Kettle Corn,130,21.0,5.0,1.0,2.0,0,27
162,Dal Mix,100,13.0,3.0,5.0,3.0,0,0
163,Tortilla,290,48.0,7.0,6.0,2.0,0,2
164,Dal Mix,100,13.0,3.0,5.0,3.0,0,24
165,"Chicken & Vegetables, Indian-Spiced",440,47.0,12.0,45.0,8.0,0,24
166,"Indian Snacks, Moorukulu",536,43.2,33.6,15.1,1.8,0,6.0
167,Masala Chips,120,11.0,8.0,2.0,1.0,10.0,10.0
168,Masala Wrap,290,47.0,7.0,6.0,2.0,0,11.0
169,Cheddar Popcorn,150,14.0,9.0,3.0,2.0,0,2
170,Indian Soup,80,16.0,0.5,5.0,4.0,0,1
171,Corn Meal,100,24.0,0.5,2.0,0.5,3.5,1.5
172,Indian Curry,320,52.0,9.0,9.0,3.0,0,0
173,Masala Chips,180,15.0,12.0,3.0,1.0,15,6
174,Multigrain Pita Bread,210,38.0,2.5,7.0,6.0,20,8
175,Bhatura,230,32.0,9.0,5.0,5.0,3,0
176,Indian Snacks,260,26.0,16.0,4.0,1.0,0,0
177,South Indian Snacks,130,17.0,6.0,3.0,0.0,0,0
178,Indian Fare,160,11.0,12.0,5.0,5.0,0,7.0
179,Indian Lentil Soup,170,25.0,4.0,10.0,5.0,0,8.0
180,"Pumpkin Seeds, Salted",36,1.0,3.0,2.0,0.0,0,0
181,South Indian Snacks,135,14.0,7.0,3.0,1.0,0,8.0
182,Dal Makhani,180,20.0,8.0,7.0,3.0,0,0
183,Paneer Indian Cheese,90,0.5,8.0,6.0,0.0,0,1
184,Brown Rice,100,22.0,0.0,2.0,0.0,0,0
185,Garlic Naan,270,49.0,6.0,7.0,2.0,0,0
186,Indian Tikka Masala,130,10.0,10.0,3.0,1.0,0,6
187,Indian Mackerel,180,0.0,9.0,23.0,0.0,0,1
188,Indian Daal Veg Pot,319,36.9,9.9,10.6,20.1,0,2
189,Lentil Indian Soup,80,13.3,0.0,5.6,2.0,0,1
190,Indian Style Yogurt,150,15.0,5.0,11.0,0.0,100,11
191,Indian Corn Candy,140,35.0,0.0,0.0,0.0,0,0
192,Palak Spinach Chips,140,13.0,12.0,2.0,0.0,0,0
193,Indian Violet Yam,150,17.0,8.0,2.0,3.0,0,2
194,Tamarino Chutney,25,7.0,0.0,0.0,0.0,5.0,2
195,Moorukulu Indian Snacks,260,26.0,16.0,4.0,1.0,0,5
196,Indian Corn Candy,110,28.0,0.0,0.0,0.0,0,0.5
197,Indian Corn,140,35.0,0.0,0.0,0.0,0,6.0
198,Kashmir Potatoes,140,15.0,8.0,2.0,1.0,0,0
199,Indian Samosa Wrap,250,35.0,9.0,8.0,4.0,0,2
200,Orange Juice,110,27.0,0.0,2.0,0.0,0,0
201,Orange Juice,110,27.0,0.0,2.0,0.0,0,0
202,North Indian Samosas,300,45.0,10.0,6.0,4.0,0,0
203,Indian Style Yogurt,110,15.0,1.0,11.0,0.0,0,3.0
204,Apple Sauce,50,14.0,0.0,0.0,1.0,0,2
205,Masala Peas,140,4.0,14.0,1.0,1.0,0,200
206,Spinach Naan,150,24.0,4.0,4.0,2.0,0,0
207,"Authentic Papadums, Cumin",25,4.0,0.0,2.0,2.0,10,0
208,Classic Indian Patisa,80,9.0,5.0,0.5,0.0,25.0,0
209,Indian Mattar Paneer,370,54.0,11.0,13.0,6.0,0,0
210,Aloo Matar,150,19.0,7.0,4.0,2.0,0,2
211,Indian Basmati Rice,360,82.0,2.0,8.0,0.0,20.0,6.0
212,Fried Indian Snack,500,0.0,3.5,35.0,2.0,55.0,0
213,Authentic Butter Masala Concentrated Cooking Sauce,180,10.0,16.0,3.0,1.0,0,3
214,"Tamarind Curry, Indian Simmer Sauce",130,9.0,10.0,2.0,2.0,0,4.0
215,Premium Chunky Cherry Applesauce,100,25.0,0.0,0.0,2.0,0,20.0
216,Premium Chunky Blueberry Apple Sauce,90,23.0,0.0,1.0,2.0,0,21.0
217,"Amy's, Indian Palak Paneer",300,38.0,11.0,12.0,5.9,0,5.0
218,"Truly Indian, Korma",140,10.0,10.0,1.5,1.5,0,2.0
219,"Indian Curry Paste, Tandori Paste",60,5.0,4.0,1.0,1.0,0,1.5
220,Maiz Morado Indian Purple Corn,90,19.0,1.0,2.0,2.0,0,0
221,Madras Curry Sauce,50,3.0,4.0,1.0,1.0,0,1.0
222,Tamarind Chutney,50,13.0,0.0,0.0,1.0,0,12
223,Finest Indian Basmati Rice,175,39.0,0.3,4.0,1.0,0,0
224,"Indian Curry Paste, Tikka Paste",30,2.0,2.0,1.0,1.0,0,0
225,Vindaloo Indian Simmer Sauce,90,8.0,6.0,2.0,2.0,0,4.0
226,"Hearth, Bread, Indian Grain",90,18.0,1.0,4.0,3.0,0,3
227,Indian Fare Jaipur Vegetables,170,10.0,57.0,7.0,4.0,0,3.0
228,Green Beans From Local Indiana Farms,47,9.0,0.0,2.0,3.0,0,3.0
229,Indian Major Grey's Mango Chutney,80,21.0,0.0,0.0,0.0,0,18
230,Tikka Masala Medium Concentrated Sauce,130,12.0,9.0,3.0,2.0,0,4
231,Indian Inspired Butter Chicken,480,61.0,19.0,20.0,3.2,0,6.0
232,West Indian Orange Bitters,0,0.0,0.0,0.0,0.0,0,0
233,Indian Style Sweet Red Peppers,10,2.0,0.0,0.0,1.0,0,1.0
234,Sweet & Mild Mild Mango Chutney,15,2.0,0.0,0.0,0.0,0,2.0
235,"Maya Kaimal, Jalfrezi Curry Indian Simmer Sauce, Medium",70,8.0,4.5,1.0,1.0,0,4.0
236,"Popcorn, Indiana, Drizzlecorn, Popcorn, Dark Fudge Sea Salt Caramel",120,23.0,3.5,1.0,1.0,0,13.0
237,"Chutney, Indian Major Grey's, Mango",80,21.0,0.0,0.0,0.0,0,18
238,Indian Fare Jaipur Vegetables,170,10.0,11.0,7.0,4.0,5.0,3
239,"Indian Vegetable Koram Meals, frozen",310,41.0,12.0,9.0,7.0,0,7.0
240,Coconut Curry,200,24.0,9.0,7.0,4.0,0,0
241,Indian Vegetable Samosas Hors D'oeuvres,90,13.0,3.5,2.0,1.0,0,0
242,Indian Combo Vegetable Samosas Appetizer,200,31.0,7.0,4.0,3.0,0,0
243,Indiana Jones Fruit Flavored Snacks,80,19.0,0.0,1.0,0.0,0,0
244,Indian Corn Candy,140,36.0,0.0,0.0,0.0,0,0
245,Indian Meal For Two Hot Takeaway,1213,107.2,57.8,49.5,8.2,0,0
246,Mango and West Indian Cherry Plus Smoothie,133,30.0,0.0,0.0,0.0,0,0
247,Chicken Indian Medium Tikka Masala,848,20.0,60.0,52.0,0.0,0,0
248,Onion Indian Style Selection Bhaji,40,5.2,1.4,1.4,1.1,0,0
249,"Organic, Indian Simmer, Madras",60,8.0,4.0,1.0,1.0,0,3
250,"Organic, Indian Simmer, Jalfrezi",90,9.0,6.0,1.0,2.0,0,3
251,"Curry, Indian, Salt-Free Blend",0,0.0,0.0,0.0,0.0,0,0
252,"Smoothie, Indian Cultured Milk, Mango",174,25.0,2.0,14.0,3.0,10.0,21
253,"Soda, Kola, West Indian Fruit",155,38.0,0.0,0.0,0.0,0,38
254,"Indian Madras Lentils, Organic",170,21.0,7.0,7.0,7.0,10.0,5.0
255,Indian-Spiced Chickpea Curry Bowl,360,50.0,12.0,11.0,6.0,0,4
256,Masala Cuppa Indian Noodles,320,35.0,18.0,4.0,3.0,0,5
257,Sea Salt Popcorn,140,17.0,6.0,3.0,3.0,0,0
258,West Indian Mango Jam,40,19.0,0.0,0.0,0.0,0,10
259,Chicken Vindaloo,340,37.0,12.0,22.0,3.0,50,1.0
260,"Soup Mix, Indian Dal",140,26.0,0.5,8.0,10.0,0,2.0
261,Bhatura North Indian-Style Bread,220,28.0,9.0,7.0,2.0,0,1.0
262,Authentic Indian Basmati Rice,160,36.0,0.5,4.0,1.0,0,0
263,Cheese Jalapeno Popcorn,150,14.0,10.0,2.0,2.0,0,1
264,"Kettlecorn, Sweet & Salty",130,21.0,5.0,1.0,2.0,0,9.0
265,Indian Madras Lentils,180,22.0,7.0,8.0,6.0,12,3
266,Indian Premium Basmati Rice,110,22.0,1.0,3.0,2.0,0,0
267,"Bacon, Thick Cut",80,0.0,7.0,5.0,0.0,15,0
268,"Roti, Traditional Indian Flatbread",130,21.0,3.5,4.0,2.0,0,0
269,Indian Style Pilau,140,26.0,2.0,5.0,3.0,0,1
270,All Natural Kettlecorn,130,21.0,5.0,1.0,2.0,0,6
271,Indian Bites Chicken Samosas,240,28.0,9.0,13.0,3.0,15,2
272,Orange Juice,110,26.0,0.0,2.0,0.0,0,22
273,100% Apple Cider,120,30.0,0.0,0.0,0.0,0,26.0
274,Organic Indian Basmati Rice,170,39.0,0.0,4.0,1.0,0,0
275,"Chapati, Whole Wheat",290,46.0,8.0,8.0,4.0,0,1
276,Paneer Indian Cheese,75,0.5,6.0,6.0,0.0,25.0,0
277,"Kettle Corn, Maple",160,14.0,11.0,2.0,2.0,0,5.0
278,"Popcorn, Sea Salt",60,9.0,3.0,1.0,2.0,0,0
279,Orange Juice,110,26.0,0.0,2.0,0.0,0,22
280,Indian Madras Lentils,150,17.0,6.0,6.0,5.0,10.0,3.0
281,Black & White Drizzlecorn,140,18.0,7.0,1.0,1.0,0,11
282,Cinnamon Sugar Kettlecorn,130,21.0,4.5,1.0,2.0,0,7.0
283,Indian Curry Korma Wrap,200,31.0,7.0,4.0,3.0,0,6
284,Indian Curry Meal Kit,190,41.0,1.5,4.0,1.0,0,1
285,Butter Chicken Sauce,220,15.0,16.0,3.0,2.0,10,4.0
286,Sea Salt Popcorn,130,18.0,6.0,3.0,3.0,0,0
287,Parmesan & Herb Popcorn,130,16.0,6.0,3.0,3.0,5.0,1
288,Navratian Korma,140,11.0,10.0,4.0,2.0,20,2
289,Kala Chana,130,21.0,2.0,6.0,7.0,0,1
290,"Kettlecorn, Sweet & Salty",130,21.0,5.0,1.0,2.0,0,9.0
291,Bajri Khakhara,180,24.0,8.0,4.0,4.0,0,0
292,Sundried Tomato & Basil Wrap,290,47.0,7.0,6.0,0.0,0,3
293,"Pakora, Onion",90,9.0,5.0,3.0,1.0,0,1
294,Orange Juice,110,26.0,0.0,2.0,0.0,0,22
295,Vegetable Jaipuri,160,9.0,13.0,4.0,2.0,20,2
296,"Chia Cherry, Granola",150,20.0,7.0,4.0,3.0,0,6.0
297,"Meatballs, Indian Style",200,6.0,13.0,14.0,2.0,65,3
298,Indian Yogurt Smoothie,160,11.0,10.0,9.0,0.0,35,11
299,"Indian Snacks, Mirch Masala",533,56.6,31.2,6.6,0.6,0,0
300,"Roti Wrap, Indian Bistro",330,40.0,16.0,6.0,2.0,0,0
301,"Kettlecorn, Sweet & Salty",130,21.0,5.0,1.0,2.0,0,9.0
302,Kettlecorn Sweet & Salty,130,21.0,5.0,1.0,2.0,0,9.0
303,Indian Style Smoothie,170,17.0,9.0,9.0,0.0,30,16
304,"Delhi Potatoes, Organic",160,16.0,8.0,3.0,2.0,0,0
305,"FruitMates, Strawberry Applesauce",100,25.0,0.0,0.0,1.0,0,22
306,Turmeric Superghee,45,0.0,5.0,0.0,0.0,8,0
307,Indian Naan Flatbread Whole Grain,200,31.0,6.0,6.0,4.0,0,0
308,Indian Naan Garlic Flatbread,180,30.0,4.5,6.0,2.0,5.0,0
309,Indian Chicken Korma,380,48.0,10.0,24.0,2.0,4.0,0
310,Indian Madras Cooking Sauce,160,14.0,11.0,1.0,3.0,5,0
311,Blue Menu Indian Raita,25,2.0,1.5,1.0,0.0,5.0,0
312,Indian Summer Premium Apple Juice,120,30.0,0.0,0.0,0.0,0,0
313,Curry Vegetable Indian Meal For One,220,20.0,12.0,2.0,2.0,0,0
314,Balti Chicken From Indian Meal For One,384,9.0,18.0,36.0,6.0,0,0
315,Biryani Chicken Tikka Northern Indian,698,72.0,22.5,40.5,4.5,0,0
316,"Mattar Tofu Indian  Meal, frozen",280,40.0,8.0,12.0,5.0,0,5
317,"Indian Spinach Tofu Wrap, frozen",270,28.0,13.0,10.0,6.0,0,2.0
318,Indian White Basmati Rice,180,39.0,0.0,4.0,0.0,0,0
319,Indian Style Lentil Cup Soup,80,13.3,0.0,5.6,2.0,0,0
320,Dal Makhani,170,20.0,7.0,7.0,3.0,15,0
321,"Indian Dal Golden Lentil Soup, canned",220,25.0,9.0,9.0,7.0,0,3
322,"Organic, Indian Simmer, Korma",140,9.0,11.0,1.0,1.0,10.0,4
323,Indian Fare Punjabi Eggplant,150,13.0,9.0,4.0,2.0,0,4.0
324,Indian Spiced Chai,0,0.0,0.0,0.0,0.0,0,0
325,Indian Tikka Masala Pizza,300,47.0,9.0,16.0,10.0,15.0,0
326,Bhaji Onion Indian Starter Selection,65,3.3,5.1,1.1,0.4,0,0
327,"Indiana Fit Popcorn, Parmesan and Herb, 4.4oz",130,16.0,6.0,3.0,3.0,0,0
328,"Organic, Indian Black Bean & Rice",150,30.0,1.0,8.0,4.0,0,0
329,"Paneer Tikka Indian Meal, frozen",251,29.0,11.0,8.6,2.4,5.0,0
330,"Palak Paneer Indian Meal, frozen",300,38.0,11.0,12.0,6.0,0,0
331,"Light in Sodium Indian Mattar Paneer, frozen",370,54.0,11.0,13.0,6.0,23.5,4.7
332,Indian Biryani Cooking Sauce,140,15.0,8.0,2.0,3.0,15,5.0
333,Bitters,0,0.0,0.0,0.0,0.0,20,8.0
334,Indian Korma Cooking Sauce,185,10.0,14.0,3.0,2.0,10,0
335,"Drizzlecorn, Black & White",140,20.0,6.0,1.0,1.0,0,0
336,Potato Bread,70,14.0,1.0,3.0,0.0,20,0
337,"Indian Snacks, Salted Peanuts",637,21.9,51.9,20.6,0.9,0,13.0
338,Organic Bombay Chickpeas,110,12.0,5.0,3.0,2.0,0,2
339,"Indian Snacks, Halhari Chiwda",587,37.9,42.1,14.1,1.1,0,0
340,Classic Indian Curry Sauce,30,2.0,2.5,1.0,0.0,0,1
341,Namak Para,170,12.0,12.0,2.0,0.0,0,4.2
342,Movie Theater Popcorn,160,13.0,12.0,2.0,1.0,0,1
343,Hot Punjabi Mix,140,8.0,11.0,4.0,2.0,0,0
344,Premium Indian Tonic Water,30,7.6,0.0,0.0,0.0,0,0
345,Boneless Ham Steak,60,1.0,2.5,9.0,0.0,5.0,1
346,Indian Style Butter Chicken,310,37.0,7.0,24.0,3.0,0,5.8
347,Indian Style Nonfat Yogurt,140,19.0,0.0,13.0,0.0,0,1
348,"Indian Water Chestnut, Cooked",90,19.0,0.0,3.0,0.0,30,3
349,"Indian Snacks, Mini Bhakarwadi",260,26.0,16.0,4.0,2.0,70,18
350,Indian Madras Lentils,150,17.0,6.0,6.0,5.0,10.0,6
351,Authentic Indian Basmati Rice,160,36.0,0.0,4.0,1.0,0,2
352,Movie Theater Popcorn,160,13.0,12.0,2.0,3.0,0,3.0
353,"Pumpkin Seeds, Salted",36,1.0,3.0,2.0,0.2,10.0,0
354,Aloo Paratha,265,41.0,9.0,5.0,3.0,0,0
355,All Natural Kettlecorn,130,21.0,5.0,1.0,2.0,5.0,0
356,Indian Spinach Dal,100,12.0,4.0,4.0,4.0,0,1.0
357,Indian Spiced Lentil,160,30.0,2.5,7.0,7.0,0,6
358,All Natural Kettlecorn,130,21.0,5.0,1.0,2.0,0,4
359,Garlic Naan,200,36.0,3.5,7.0,2.0,0,9.0
360,"Tomato Sauce, Authentic Indian",25,5.0,0.0,0.0,0.0,0,6
361,Chai Indian Tea Concentrate,35,9.0,0.0,0.0,0.0,0,2
362,Organic Soups Indian Dal Curried Lentil,230,30.0,9.0,9.0,11.0,5,5
363,"Curry Oil, Indian Mild",130,0.0,14.0,0.0,0.0,0,9
364,"Hot Curry, Indian, Blend",0,0.0,0.0,0.0,0.0,0,4
365,Poha Sev,200,35.0,5.0,4.0,3.0,0,0
366,"Kesar, Rasmalai Indian Sweets",195,14.0,14.0,6.0,0.0,10,0
367,Paneer Indian Cheese,90,0.5,8.0,6.0,0.0,15,0
368,Coconut Ghee,122,0.0,14.0,0.0,0.0,10,2
369,Indian Malabar Peppercorns,0,0.0,0.0,0.0,0.0,0,0
370,Organic Delhi Lentils,290,43.0,7.0,14.0,2.0,20,8.0
371,"Lentils, Rice & Indian Spice",290,60.0,1.5,11.0,9.0,0,6
372,Indian Curry Sauce,15,4.0,0.0,0.0,0.0,0,22
373,Indian Seasoned Mushrooms,80,11.0,2.0,3.0,3.0,0,26
374,Mild Indian Curry Ketchup,40,4.0,2.5,0.0,0.0,0,2
375,"Indian Snacks, Chana Nuts",260,22.0,15.0,9.0,1.0,50.0,5.0
376,Sea Salt Popcorn,130,17.0,6.0,3.0,3.0,0,1
377,Indian Tandoori Marinade,53,2.0,5.0,0.0,0.0,20.0,5.0
378,Premium Apple Juice,120,30.0,0.0,0.0,0.0,0,0
379,Premium Apple Juice,120,30.0,0.0,0.0,0.0,0,0
380,"Indian Kitchen, Butter Chicken",400,36.0,19.0,23.0,4.0,0,9
381,"Naan Chips, Original",120,11.0,7.0,2.0,0.0,5.0,0
382,Smoked Indian Cottage Cheese,139,14.0,7.0,5.0,2.0,15,0
383,Muruku,120,20.0,3.0,3.0,0.0,0,5
384,Black & White Drizzlecorn,140,18.0,7.0,1.0,1.0,0,2
385,Orange Juice,110,26.0,0.0,2.0,0.0,0,0
386,Culture Ghee,120,0.0,14.0,0.0,0.0,10.0,4
387,Indian Lentil Soup,170,25.0,4.0,10.0,5.0,0,1.5
388,"Naan, Tandoori-Style",190,36.0,1.0,7.0,3.0,0,0
389,Coriander & Herbs Naan,260,46.0,5.0,7.0,2.0,15,12
390,Mango Indian Style Pickle,90,3.0,7.5,1.0,1.0,0,21
391,Premium Indian Tonic Water,50,13.0,0.0,0.0,0.0,0,13.0
392,West Indian Hot Sauce,0,0.0,0.0,0.0,0.0,10.0,3.0
393,Indian Bites Masala Meatballs,140,5.0,7.0,14.0,0.5,0,4
394,Toasted Coconut Drizzlecorn,140,19.0,7.0,1.0,1.0,0,0
395,"Popcorn, Parmesan & Herb",70,8.0,3.0,2.0,1.0,0,1
396,"Popcorn, Movie Theater",160,13.0,12.0,2.0,1.0,20.0,0
397,Mango Lassi,210,39.0,4.0,7.0,0.0,0,22
398,"Kettlecorn, Sweet & Salty",130,21.0,5.0,1.0,2.0,0,0
399,"Kettlecorn, Sweet & Salty",130,21.0,5.0,1.0,2.0,0,22
400,"Ghee, Clarified Butter",120,0.0,14.0,0.0,0.0,35,0
401,Blueberry Cardamom Lassi,130,21.0,2.0,7.0,1.0,25,9
402,Indian Appetizer Collection,180,14.0,10.0,9.0,1.0,10,7
403,Paun Bhaji,160,12.0,12.0,2.0,2.0,2.5,2
404,"Paratha, Homestyle",215,27.0,10.0,4.0,2.0,0,2
405,Indian Madras Lentils,150,17.0,6.0,6.0,5.0,45,2.0
406,"Indian Corn, Mello Creme",150,37.0,0.0,0.5,0.0,25.0,0
407,Kettle Corn Popcorn,130,21.0,5.0,1.0,2.0,0,3
408,Paneer Indian Semisoft Cheese,90,0.5,8.0,6.0,0.0,0,4
409,Natural Apple Sauce,50,14.0,0.0,0.0,1.0,0,3
410,Gluten Free Granola,150,19.0,7.0,3.0,2.0,0,0
411,Vegetables Indian Style,97,11.0,2.0,4.5,5.5,0,0
412,Bhel Mix,180,13.0,12.0,4.0,2.0,15,2
413,Coconut Oil,120,0.0,14.0,0.0,0.0,0,6
414,Sweet'N Salty Popcorn,130,20.0,5.0,2.0,3.0,0,2
415,Indian Meal Takeaway Ready Meals,42,4.2,2.0,1.7,0.3,0,3
416,Organic Iced Chai Latte,110,19.0,2.0,3.0,0.0,50,14
417,Indian Rogan Josh Cooking Sauce,90,11.0,5.0,1.0,2.0,25.0,0
418,"Organic, Indian Simmer, Tikka Masala",90,8.0,7.0,1.0,2.0,18.0,0
419,Naan Indian Meal For One Bread,145,23.5,3.0,4.5,1.0,0,0
420,"Mattar Paneer Indian Meal, frozen",370,54.0,11.0,13.0,6.0,10.0,0
421,"Rice, Indian Basmati",160,38.0,0.0,3.0,1.0,0,9
422,"Bacon, Black Pepper-Coated",80,0.0,7.0,4.0,0.0,0,4
423,Organic Tikka Sauce,150,11.0,9.0,3.0,2.0,0,5.0
424,"Popcorn, Cheese Jalapeno",150,14.0,10.0,2.0,2.0,0,3
425,Jeera Khari,210,18.0,15.0,3.0,2.0,0,0
426,Indian Madras Lentils,150,17.0,6.0,6.0,5.0,0,0
427,"Kettlecorn, Sweet & Salty",130,21.0,5.0,1.0,2.0,0,1
428,Indian Bites Samosas & Chutney,210,27.0,10.0,4.0,1.0,0,26
429,"Indian Bites, Aloo Tikki",170,16.0,11.0,3.0,3.0,0,26
430,"Indian Bites, Spinach Pakoras",160,17.0,9.0,3.0,3.0,90,2.0
431,Pumpkin Butter,35,9.0,0.0,0.0,0.0,0,0
432,Chipins Popcorn Chips,120,22.0,2.5,2.0,1.0,15,1
433,Indian Aloo Mattar Wrap,250,32.0,9.0,9.0,6.0,0,0
434,Sea Salt Popcorn,80,11.0,4.0,1.0,2.0,0,11
435,Indian Butter Chicken,65,8.0,3.0,2.0,0.0,0,22
436,Strawberry Apple Sauce,100,25.0,0.0,0.0,1.0,35,0
437,Movie Theater Popcorn,160,13.0,12.0,2.0,3.0,0,2
438,"Popcorn, Smoky Queso",160,12.0,11.0,3.0,2.0,0,0
439,"Indian Snacks, Aloo Bhujia",280,23.0,19.0,4.0,2.0,0,1
440,"Popcorn, Cheese Jalapeno",150,14.0,10.0,2.0,2.0,0,1
441,"Popcorn, Sea Salt",180,16.0,12.0,2.0,3.0,0,12
442,"Kashmiri Mixture, Authentic Indian",56,3.0,4.0,2.0,1.0,0,0
443,Indian River Grapefruit,140,5.0,0.0,0.5,0.0,45,2
444,Spinach Veggie Wrap,460,76.0,12.0,11.0,6.0,0,14.0
445,Indian Kale Chips,151,13.0,9.0,6.0,3.0,0,0
446,Cinnamon Sugar Kettlecorn,130,21.0,4.5,1.0,2.0,5.0,0
447,"Bhungra, Plain",160,19.0,8.0,2.0,1.0,15,36
448,Indian Korma Curry,160,14.0,10.0,3.0,3.0,0,9.0
449,Hot Punjabi Mix,140,8.0,11.0,4.0,2.0,0,9.0
450,Delicious Mix of Indian Snacks,270,23.0,16.0,8.0,2.0,35,0
451,"Curry Sauce, Medium",110,15.0,6.0,3.0,2.0,10,19
452,Indian Mattar Paneer,370,49.0,13.0,13.0,5.0,20,0
453,Sweet & Salty Kettlecorn,130,21.0,5.0,1.0,2.0,5,1
454,Chicken Korma,330,34.0,12.0,24.0,4.0,0,1
455,West Indian Mango Chutney,40,19.0,0.0,0.0,0.0,10,3
456,Indian Jaipur Vegetables,180,12.0,12.0,5.0,3.0,0,27
457,South Indian Coconut Stew,560,65.0,25.0,21.0,19.0,0,6
458,"Popcorn, Real Butter",120,20.0,3.5,3.0,4.0,25.0,0
459,Bhujia Sev Indian Snacks,592,37.1,43.5,12.9,4.9,0,11.0
460,"Toasted Coconut, Drizzlecorn",140,19.0,7.0,1.0,1.0,0,5.0
461,Chickpea Masala,290,46.0,11.0,9.0,14.0,0,5.5
462,Black & White Drizzlecorn,140,20.0,6.0,1.0,1.0,0,0
463,Movie Theater Popcorn,160,13.0,12.0,2.0,3.0,0,0
464,Indiana Popcorn Tasting Bar,170,17.0,11.0,2.0,1.0,0,5
465,Indian Blue Cornbread,70,16.0,0.0,2.0,1.0,0,0
466,Movie Theater Popcorn,160,13.0,12.0,2.0,3.0,0,3.0
467,"Sauce, Blueberry Apple",90,23.0,0.0,0.5,2.0,0,13.0
468,Spicy Indian Simmer Sauce,25,3.0,1.5,1.0,0.0,0,0
469,Indian Style 2% Lowfat Yogurt,180,16.0,5.0,11.0,0.0,0,0
470,"Kettlecorn, Sweet & Salty",130,16.0,7.0,1.0,2.0,0,0
471,"Kettlecorn, Sweet & Salty",130,21.0,5.0,1.0,2.0,0,3
472,Indian Cottage Cheese with Spinach,167,12.0,11.0,5.0,1.0,0,0
473,Paneer Julcha,200,26.0,7.0,8.0,1.0,15,0
474,"Sukhi's, Gobi Aloo Complete Spice Mix",5,1.0,0.0,0.0,1.0,10,1.0
475,"Maya Kaimal, Butter Masala, Mild",100,6.0,8.0,1.0,1.0,0,1
476,"World Menu, Indian Inspired Cuisine, Chana Masala",490,77.0,16.0,13.0,8.1,0,0
477,"Gotta Cook Tonight, Indian Yogurt Sauce Mix Tandoori",0,0.0,0.0,0.0,0.0,10.0,3.0
478,White Basmati Indian Rice,160,36.0,0.0,4.0,1.0,0,9.0
479,"Grill Seasoning With Garlic, Ginger, And Hot Indian Chilies.",0,1.0,0.0,0.0,0.0,0,0
480,"Kashi Crunchy Bars Indian Inspired Savory 1.05Oz, Unprepared",130,20.0,5.0,3.0,4.0,0,2
481,Indian River Grapefruit,180,6.0,0.0,0.5,0.0,0,2
482,"Popcorn, Caramel",110,26.0,0.0,1.0,1.0,0,8
483,Premium Apple Juice,120,30.0,0.0,0.0,0.0,0,0
484,"Moraiyo, Indian Sawa Millet",90,18.0,1.0,3.0,1.0,0,5
485,Indian Inspired Chicken,280,28.0,9.0,20.0,4.0,0,0
486,"Bombay Chickpeas, Organic",110,12.0,5.0,3.0,2.0,0,3
487,Indian Palak Paneer,340,45.0,12.0,14.0,7.0,0,22.0
488,Madras Coconut Curry,15,2.0,1.0,0.0,1.0,5.0,0
489,Onion Kulcha,250,40.0,7.0,6.0,4.0,5.0,2
490,Indian Spiced Lentils,140,27.0,3.0,6.0,6.0,0,0
491,Movie Theater Popcorn,160,13.0,12.0,2.0,1.0,0,1
492,"Bacon, Thick Cut",80,0.0,7.0,5.0,0.0,0,0
493,Indian River Grapefruit,140,5.0,0.0,0.5,0.0,0,0.1
494,"Organic Soup, Indian Dhal",140,20.0,3.5,8.0,9.0,0,5
495,Indian Dal,10,2.0,0.0,0.0,1.0,0,7
496,Indian Madras Lentils,140,17.0,6.0,6.0,6.0,0,3
497,Tandoori Indian Curry Paste,60,5.0,4.0,0.5,1.0,0,7.0
498,Indian Basmati Rice,160,35.0,0.0,3.0,0.0,0,1
499,Indian Butter Chicken,170,21.0,8.0,3.0,2.0,0,4
500,Indian Spiced White Latte,160,26.0,6.0,1.0,0.0,0,1
501,Black & White Drizzlecorn,140,20.0,6.0,1.0,1.0,0,0
502,Indian Madras Lentils,150,17.0,6.0,6.0,5.0,0,6.0
503,Premium Indian Tonic Water,25,6.0,0.0,0.0,0.0,20.0,8
504,Butter Flavored Popcorn,90,7.0,7.0,1.0,1.0,0,9.0
505,"Indian Flatbread, Phulka Roti",100,14.0,3.0,2.0,0.0,75,2.0
506,Paneer Indian Semisoft Cheese,90,1.0,7.0,7.0,0.0,0,10
507,Orange Juice,110,26.0,0.0,2.0,0.0,0,6.0
508,"Indian Snacks, Masala Chana",230,27.0,9.0,9.0,1.0,0,6
509,Orange Juice,110,26.0,0.0,2.0,0.0,0,0
510,"Ghee, Organic",120,0.0,14.0,0.0,0.0,0,0
511,"Dahi, Indian Style Yogurt",130,11.0,6.0,7.0,0.0,0,14.0
512,Indian Inspired Vegetable Pakoras,340,40.0,16.0,10.0,3.0,0,5.0
513,Indian Style Vegatable Blends,140,26.0,2.0,5.0,5.0,0,13.0
514,Indian Golden Lentil Soup,210,22.0,10.0,8.0,9.0,5.0,0
515,"Indian Snacks, Bombay Mix",230,21.0,14.0,4.0,0.0,5,15
516,Naan Traditional Indian-Style Flatbread,170,33.0,2.5,5.0,1.0,0,5
517,Indian's Finest Basmati Rice,346,78.0,0.5,7.0,2.0,5.0,0
518,"Rice, Basmati",164,38.0,0.0,3.0,0.0,0,21
519,"Indian Bites, Chicken Samosas",240,28.0,9.0,13.0,3.0,0,1
520,Indian,180,21.0,10.0,5.0,3.0,25,15
521,Kitchari Indian Fare,210,31.0,9.0,7.0,6.0,0,8
522,Indian Style Flatbread,340,59.0,5.0,10.0,2.0,0,9.0
523,Paneer Indian Cottage Cheese,90,0.5,8.0,6.0,0.0,19,0
524,Chicken Curry,280,33.0,9.0,19.0,1.0,5.0,2
525,"Small Batch Indian Spiced Popcorn, Tamarind Sesame With Papadums",130,20.0,5.0,2.0,2.0,0,11.0
526,Vegetable Masala Burger With Authentic Indian Spices,140,17.0,8.0,2.0,3.0,0,1.0
527,"Jyoti Natural Foods, Punjabi Chhole",180,21.0,9.0,6.0,5.0,0,3.0
528,"Muruku, Tasty Southern Indian Tidbits, Onion",120,20.0,3.0,3.0,0.0,0,0
529,Indian Essentials Chicken Curry Seasoning Mix,20,4.0,0.0,0.0,0.0,0,1.0
530,"Amy's, Indian Non-Dairy Mattar Tofu",280,40.0,8.0,12.0,5.1,0,5.0
531,"Truly Indian, Bombay Aloo, Curried Baby Potatoes",140,13.0,8.0,3.0,3.0,0,5.0
532,Brown Basmati Indian Rice,140,31.0,1.5,3.0,2.0,0,1.0
533,Handcrafted Naan Flatbread Sandwich,331,38.0,12.0,16.0,2.0,0,4.0
534,Madras Vegetables Complete Spice Mix,14,1.4,0.7,0.0,0.0,0,0
535,"The Art Of Spice, Indian Tandoori Grilling Rub",0,0.0,0.0,0.0,0.0,0,0
536,"Amy's, Indian, Aloo Mattar Wrap",250,32.0,9.0,9.0,5.9,0,5.0
537,"Spice Paste For Indian Butter Chicken, Mild",30,1.0,2.0,1.0,1.0,0,1.0
538,"Punjab Red Tandoori Medium Heat Indian Seasoning, Medium",0,0.0,0.0,0.0,0.0,0,0
539,"Thokku, South Indian Spiced Relish",70,7.0,4.0,0.0,1.0,0,5.0
540,Indian Korma Curry Gourmet Meal Kit,160,14.0,10.0,3.0,3.0,0,4
541,"Sukhi's, Chicken Tikka Masala",261,23.0,8.0,24.0,0.9,0,2.0
542,"Sukhi's, Chicken Curry, Medium Spiced",240,24.0,5.0,23.0,2.0,0,1.0
543,"Indian Essentials Butter Chicken Seasoning Mix, Medium",10,2.0,0.0,0.0,0.0,0,1
544,"Muruku, Tasty Southern Indian Tidbits, Original",120,20.0,3.0,3.0,0.0,0,0
545,"Madras Curry Indian Summer Sauce, Spicy",110,11.0,7.0,1.0,1.0,0,7.0
546,"Maya Kaimal, Kashmiri Curry, Mild",90,10.0,6.0,1.0,1.0,0,7.0
547,"Muruku, Tasty Southern Indian Tidbits, Onion",120,20.0,3.0,3.0,0.0,0,0
548,"Muruku, Tasty Southern Indian Tidbits",120,20.0,3.0,3.0,0.0,0,0
549,Indian Essentials Saag Aloo Seasoning Mix,14,2.9,0.0,0.0,0.0,0,1.4
550,"Sukhi's, Vegan Chili Chicken",270,36.0,6.0,20.0,5.9,0,4.0
551,Premium Chunky Peach Apple Sauce,100,25.0,0.0,1.0,1.0,0,21.0
552,"Organic Basmati Rice, Aromatic Indian Rice",170,37.0,2.0,3.0,1.0,0,0
553,Indian Butter Chicken Gourmet Meal Kit,100,15.0,3.0,2.0,4.0,0,7.0
554,"Indian Essentials, Chicken Biryani Seasoning Mix",15,3.0,0.0,0.0,0.0,0,0
555,"Indian Entrees, Spinach Dal, vegan kosher",115,13.0,5.0,5.0,4.0,0,3
556,"Indian Entrees, Peas Paneer, vegetarian kosher",155,13.5,9.9,3.0,6.3,13,4.5
557,"Indian Entrees, Bombay Potatoes, vegan kosher",105,13.0,4.0,5.0,3.0,0,2
558,"Gluten Free Indian Aloo Mattar Wrap, frozen",270,32.0,9.0,9.0,6.0,0,5
559,Blue Menu Indian Lentil Low Fat Instant Soup,150,25.0,1.5,8.0,5.0,0,0
560,Blue Menu Indian Cooking Sauce Butter Chicken,100,10.0,6.0,2.0,1.0,15,0
561,Indian-Spiced Lentil and Quinoa Ragou with Roasted Vegetables,380,64.0,7.0,15.0,13.0,5.0,0
562,Indian Cabbage and Peas,144,15.1,8.3,4.9,5.0,0,0
563,Indian Spiced Chai,0,0.0,0.0,0.0,0.0,0,0
564,Indian Spiced Chai,0,0.0,0.0,0.0,0.0,0,0
565,Indian Mango and Honey Yoghurt Smoothie,88,14.1,2.1,3.2,0.7,0,0
566,Organic Indian Coconut Squash Dal,180,24.0,7.0,6.0,6.0,0,3
567,Organic Indian Madras Lentils,140,17.0,6.0,6.0,6.0,5,0
568,"Fruit Juice, Orange with Probiotics",110,26.0,0.0,2.0,0.0,5.0,0
569,"Indian Spice Rub, Zesty Tikka",0,0.5,0.0,0.0,0.0,0,0
570,Cream Roll Chocolate Crispy Indian-Style Pastry,280,28.0,17.0,4.0,2.0,0,1
571,Organic Alphonso Mango Puree,70,17.0,0.0,0.5,2.0,0,0
572,Indian Style Chickpeas & Rice Bowl,360,63.0,8.0,10.0,10.0,0,0
573,Organic Indian Curried Lentil Soup,380,47.0,15.0,15.0,12.0,0,0
574,Organic Ashwagandha Root Indian Ginseng Powder,0,0.5,0.0,0.0,0.0,0,1
575,Kulcha Pocketless Pita,190,36.0,1.0,7.0,3.0,0,22
576,"Milk Chocolate, Indian Sweet Curry",270,26.0,13.0,2.0,2.0,0,0
577,Organic Indian Madras Lentils,140,17.0,6.0,6.0,6.0,0,11
578,Low Calorie Indian Food Coconut  Biscuits,137,7.9,9.6,4.8,6.4,0,17
579,Organic Indian  Madras Lentil,140,19.0,4.0,6.0,7.0,0,3
580,"Tikka Paste, Indian Curry Paste",30,2.0,2.0,0.5,1.0,0,6
581,Indian Style Curry Chicken W/Vegetables,230,34.0,4.0,14.0,2.0,0,0
582,Indian Home Style Yogurt,184,13.0,10.0,11.0,0.0,0,0
583,Parker House Whole Wheat,160,29.0,2.0,6.0,3.0,5,24
584,Indian Inspired Korma Simmer Sauce,360,26.0,28.0,3.0,3.0,10.0,4
585,Indian Style Cauliflower,110,10.0,6.0,3.0,4.0,0,0
586,Black & White Drizzle Popcorn,140,17.0,8.0,1.0,2.0,0,2
587,Black & White Fudge Drizzle Popcorn,140,18.0,8.0,1.0,2.0,0,0
588,Lemon Rice,190,39.0,1.5,4.0,1.0,30,5.0
589,Indian Fare Pav Bhaji,160,18.0,9.0,3.0,3.0,12,0
590,"Fit Popcorn Chips, Sea Salt",120,22.0,2.5,2.0,1.0,15,2.0
591,Original Movie Theater Popcorn,140,11.0,11.0,1.0,3.0,0,15
592,"Fit Popcorn, Real Butter",50,8.0,1.5,1.0,1.0,0,3
593,"Drizzlecorn, Chocolate Peanut Butter",140,19.0,7.0,2.0,2.0,0,12
594,"Juice, Ruby Red Grapefruit",90,24.0,0.0,1.0,0.0,0,13
595,"Indian Vegetable Tikka Masala, Mild",130,17.0,5.0,4.0,6.0,0,0
596,Tikka Vegetables,150,16.0,8.0,4.0,3.0,5,0
597,"South Indian Delite, Kerala Ribbon Pakoda",147,16.5,8.0,2.8,1.5,0,0
598,"100% Cider, Apple",120,30.0,0.0,0.0,0.0,5.0,0
599,Cinnamon Sugar Kettle Corn,130,21.0,4.5,1.0,2.0,0,0
600,Garlic Naan Indian Bread,230,43.0,3.5,7.0,3.0,0,13.0
601,Sweet Indian Mix with Naan,310,24.0,21.0,5.0,3.0,0,23
602,Spicy Indian Veggie,130,11.0,8.0,6.0,5.0,0,5.0
603,Organic Indian Basmati White Rice,160,35.0,0.5,3.0,1.0,0,0
604,Matar Paneer,210,15.0,13.0,9.0,3.0,0,26.0
605,Indian Curry with Rice & Dhal,100,20.0,0.5,5.0,5.0,0,7.0
606,Boneless Ham Steak,75,2.0,1.5,16.0,0.0,0,4
607,"Sriracha, Boneless Ham Steaks",60,1.0,2.5,9.0,0.0,0,7.0
608,Indian Split Pea Soup,200,29.0,5.0,10.0,5.0,0,1
609,Goan Coconut Indian Simmer Sauce,100,11.0,6.0,1.0,1.0,0,0
610,Ruby Red Grapefruit Juice,90,24.0,0.0,1.0,3.0,20,0
611,"South Indian Cuisine, Masala Dosa",180,23.0,8.0,3.0,2.0,0,3.0
612,Candy Coated Chocolate Pieces,150,17.0,9.0,1.0,2.0,40.0,0.5
613,Black & White Drizzlecorn Kettle Popped,140,18.0,7.0,1.0,1.0,30,1
614,"South Indian Snacks, Madras Mix",155,11.0,10.0,5.0,2.0,0,4
615,"Indian Flatbread, Tandoori Naan",240,45.0,4.5,6.0,2.0,0,7.0
616,East Indian Style Curry Soup,130,22.0,3.0,4.0,3.0,0,23
617,"Indian Simmer Sauce, Tikka Masala",150,9.0,12.0,2.0,1.0,0,0
618,"Organic Indian Yogurt Smoothie, Strawberry",170,17.0,9.0,8.0,0.0,0,12
619,"Ashwagandha Root Powder, Indian Ginseng",4,0.5,0.0,0.0,0.5,0,11
620,All Natural Sea Salt Popcorn,130,18.0,6.0,3.0,3.0,0,0
621,"Indian Cooking Sauce, Hot Vindaloo",120,10.0,9.0,2.0,3.0,0,2
622,Indian Mini Vegetable Samosas,90,14.0,3.0,2.0,1.0,0,6
623,Indian Curry Nuts Virginia Peanuts,170,7.0,14.0,7.0,3.0,25.0,7
624,"Plantain Chips, Original",130,18.0,6.0,1.0,1.0,30,17
625,"Fit Popcorn, Sea Salt",150,20.0,7.0,3.0,4.0,0,0
626,"Sriracha Popcorn, Hot Chili Sauce",150,15.0,9.0,2.0,2.0,0,0
627,Indian Aloo Tikki Burger,80,14.0,2.0,2.0,2.0,0,3
628,Orange Honeybell Blend,110,26.0,0.0,2.0,0.0,0,2
629,Curried Lentil Indian Dal,5,0.0,0.0,0.0,0.0,0,0
630,Naan Pizza Eggplant,320,44.0,10.0,14.0,3.0,0,1
631,"Rogan Sosh, Simmer Sauce",25,5.0,0.0,1.0,1.0,0,0
632,"Fit Popcorn, Himalayan Pink Salt",130,17.0,6.0,3.0,3.0,0,2
633,"Drizzlecorn, Chocolate Peanut Butter",140,19.0,7.0,1.0,1.0,0,0
634,Indian Bean Masala Soup,160,30.0,2.5,9.0,7.0,0,22
635,Indian Coconut Squash Dal,180,24.0,7.0,6.0,6.0,0,0
636,"Indian Fare, Madras Lentil",130,14.0,5.0,6.0,5.0,10,5
637,"Indian Entrees, Jodhpur Lentils, vegetarian kosher",106,12.0,4.0,6.0,7.0,0,1.0
638,Indian Chicken Mulligawtawny Soup,120,19.0,3.5,6.0,2.0,0,0
639,Indian Combo Aloo Gobi Side Dish,100,14.0,4.0,3.0,3.0,0,12
640,Indian Coconut Curry Simmer Sauce,130,11.0,0.0,2.0,2.0,0,7.0
641,Indian Essentials Saag Aloo Seasoning Mix,10,2.0,0.0,0.0,0.0,0,1
642,Indian Essentials Chicken Biryani Seasoning Mix,15,3.0,0.0,0.0,0.0,2.5,3.0
643,Indian Fare - Punjab Choley,210,27.0,8.0,7.0,6.0,10.0,4
644,Pakora Potato and Spinach Mini Indian Snack Selection,56,3.6,4.0,1.1,0.8,15.0,5.0
645,Indian Classic Korma Simmer Sauce,150,11.0,9.0,2.0,3.0,10.0,0
646,Indian Combo Butter Chicken Main Dish,310,12.0,21.0,18.0,2.0,105.0,0
647,"Indian Entrees, Punjab Eggplant, vegan kosher",144,13.0,9.0,4.0,2.0,0,4.0
648,"Indian Entrees, Madras Lentils, vegetarian kosher",127,14.0,5.0,6.0,5.0,3,3
649,"Indian Entrees, Jaipur Vegetables, vegetarian kosher",169,10.0,11.0,7.0,4.0,3,3
650,"Indian Entrees, Bengal Lentils, vegan kosher",158,16.0,8.0,6.0,8.0,0,2
651,"Indian Entrees, Agra Peas & Greens, vegetarian kosher",138,9.0,10.0,4.0,4.0,3,2
652,Indiana Harvest Gluten Free Sausage Lentil Soup Mix,130,15.0,0.0,6.0,6.0,0,0
653,Amy's Curried Lentil Indian Dal Soup,230,30.0,8.0,9.0,11.0,0,4
654,"Indian Dal Curried Lentil Organic Soup, canned",230,30.0,8.0,9.0,11.0,0,4
655,Coconut Chicken Curry Indian Scratch Kit,60,8.0,3.0,1.5,0.0,0,0
656,Indian Butter Chicken Gourmet Meal Kit,100,15.0,3.0,2.0,4.0,0,7
657,"Spa Collection, Indian Style Masala, frozen",290,39.0,6.0,20.0,4.0,15,7
658,"Indian Entrees, Kashmir Spinach, vegetarian kosher",133,8.0,8.0,6.0,3.0,0,2
659,Indian Spiced Chai,0,0.0,0.0,0.0,0.0,0,0
660,Curry simmer sauce,70,11.0,3.0,2.0,2.0,0,0
661,Blue Menu Indian Butter Chicken Reduced Fat,370,52.0,9.0,21.0,2.0,45.0,0
662,Indian Combo Chana Masala Side Dish,190,27.0,6.0,7.0,7.0,0,0
663,Indian Tamarind Curry Simmer Sauce,130,7.0,12.0,1.0,2.0,0,0
664,Indian Combo Vegetable Biryani Side Dish,250,40.0,7.0,6.0,2.0,5.0,0
665,Indian Spiced Chai,0,0.0,0.0,0.0,0.0,0,0
666,Indian Tikka Masala Simmer Sauce,190,11.0,16.0,3.0,2.0,50.0,0
667,Savory Corn Pie,220,21.0,11.0,11.0,2.0,100,4
668,Chicken Tikka Masala,180,7.0,8.0,21.0,1.0,75.0,0
669,Surti Jeera Biscuits,140,13.0,9.0,2.0,1.0,0,1
670,"Fit Popcorn Chips, White Cheddar",130,21.0,4.0,2.0,1.0,0,0
671,Indian Fare Palak Paneer,160,7.0,12.0,6.0,1.0,15,3.0
672,Indian Style Chicken Curry,160,5.0,10.0,12.0,1.0,50,5
673,"South Indian Delite, Garlic Mixture",165,11.5,11.4,4.1,0.8,0,5.0
674,"Quick Treat, Aloo, Indian Flat Bread",210,38.0,4.0,5.0,5.0,0,1
675,"World of Flavours, Indian Chicken Mulligatawny",120,19.0,3.5,6.0,2.0,5,1
676,"Drizzlecorn, Sea Salt Caramel",120,23.0,3.5,1.0,1.0,5.0,0
677,"Popcorn Bar, Chocolate Fudge",100,17.0,3.5,1.0,1.0,0,2
678,"Juice, Orange Honeybell Blend",110,24.0,0.0,1.0,0.0,0,0
679,"Chips, Popcorn, White Cheddar",130,22.0,4.0,2.0,1.0,0,1
680,"Chipins Popcorn Chips, Cinnamon Sugar",130,22.0,4.0,2.0,1.0,0,3
681,"Fit Popcorn, Sea Salt",130,17.0,6.0,3.0,3.0,0,13.0
682,"Fried Indian Snack, Bhel Mix",234,22.3,14.9,2.7,4.2,1.1,10
683,"Fit Popcorn, Real Butter",120,20.0,3.5,3.0,4.0,0,26
684,"Indian Inspirations, Butter Chicken Sauce",210,14.0,16.0,2.0,1.0,45,0
685,South Indian Potato Naan Sandwich,360,51.0,13.0,11.0,6.0,20.0,5.0
686,"Juice, Cherry Pomegranate",140,34.0,0.0,0.0,0.0,0,0
687,Chipins White Cheddar Popcorn Chips,130,21.0,4.0,2.0,1.0,0,3.0
688,"Popcorn, Chicago Style Caramel & Cheese",140,20.0,6.0,1.0,1.0,5.0,0
689,Chick Peas Flour Balls Indian Snacks,300,20.0,21.0,7.0,2.0,0,8
690,100% Valencia Orange Juice,110,26.0,0.0,2.0,0.0,0,4.0
691,"Cocktail Samosa, Potato & Pea",45,9.0,0.0,2.0,0.0,0,29
692,"Indian Potato Snack, Aloo Bhujia",280,23.0,19.0,4.0,0.0,0,0
693,Ready To Heat Soup Indian Style Mulligatawny,160,30.0,3.0,7.0,8.0,0,9.0
694,Dahi Indian Homestyle Plain Yogurt,170,18.0,8.0,11.0,0.0,35,0
695,Black Seed Oil,45,0.0,5.0,0.0,0.0,0,22
696,"Organic Indian Madras Lentils, Original",140,17.0,6.0,6.0,6.0,10.0,0
697,"Indian Coconut Squash Dal, Organic",180,24.0,7.0,6.0,6.0,0,0
698,"Sparkling Mixers, Indian Tonic Water",51,11.5,0.0,0.0,0.0,0,9
699,The Original Naan Pizza,260,37.0,8.0,10.0,2.0,5,17
700,South Indian Snacks,150,13.0,9.0,3.0,1.0,0,0
701,Lemon Rice,190,39.0,1.5,4.0,1.0,0,4
702,Kettle Cooked Indian Tikka Masala,210,23.0,12.0,3.0,2.0,0,1
703,Black & White Drizzle Popcorn,140,19.0,7.0,1.0,1.0,0,11.5
704,Indian Dal Multi-Cooker,10,2.0,0.0,0.0,0.5,0,3
705,Ruby Red Grapefruit Juice,90,24.0,0.0,1.0,0.0,0,0
706,Sweet & Mild Mango Chutney,15,2.0,0.0,0.0,0.0,0,0
707,"Paratha, Mixed Vegetable",260,41.0,8.0,6.0,4.0,0,2
708,Brown Sugar Boneless Ham,60,1.0,2.5,9.0,0.0,30,12
709,Valencia Orange Juice,110,26.0,0.0,2.0,0.0,0,0
710,"Indian Simmer Sauce, Spicy Vindaloo",80,9.0,8.0,2.0,1.0,0,23
711,Butter Chicken Indian Cooking Sauce,90,14.0,3.0,1.0,2.0,0,2
712,"Kati Roll, Tawa Paneer",700,68.0,40.0,18.0,6.0,35,3
713,"Apple Sauce, Natural",50,15.0,0.0,0.0,2.0,0,1
714,"Tindora, Indian Gourd",22,3.0,0.0,2.5,3.5,0,22
715,Indian-inspired Vindaloo Meal Kit,250,45.0,6.0,5.0,3.0,0,5
716,Ruby Red Grapefruit Juice,90,24.0,0.0,1.0,0.0,0,8
717,West Indian Hot Sauce,0,0.0,0.0,0.0,0.0,0,6
718,Indian Chicken Butter,450,14.0,27.0,40.0,3.0,200,11
719,Garlic Achaar Indian Style Sauce,50,4.0,3.5,0.0,0.5,0,0
720,Guyana & West Indian Cream SodaC,180,45.0,0.0,0.0,0.0,0,7
721,Coconut Curry Indian Cooking Sauce,50,5.0,3.0,1.0,1.0,0,23
722,Indian-Inspired Curry Masala Everything Sauce,90,1.0,9.0,0.0,0.0,10,0
723,"Udupi, Onion Uttapam",160,25.0,5.0,4.0,2.0,0,5
724,Organic Tamarind Paste,5,2.0,0.0,0.0,0.3,0,0.5
725,"Indian Simmer Sauce, Jalfrezi Curry",70,8.0,4.5,1.0,1.0,0,37
726,"Indian Major Grey's Chutney, Mango",100,25.0,0.0,0.0,0.0,0,2.0
727,"Authentic Indian Cuisine, Chickpea Masala",240,29.0,11.0,8.0,6.0,0,0
728,"Basmati Rice, Indian Brown",157,32.7,0.7,3.4,0.0,60.0,2
729,"Methi Thepla, Indian Flat Bread",310,40.0,14.0,6.0,9.0,0,1
730,Ruby Red Grapefruit Juice,90,24.0,0.0,1.0,3.0,0,5
731,"Popcorn Bar, Chocolate Fudge",100,17.0,3.5,1.0,1.0,5.0,2
732,"Juice, Orange, Original",110,24.0,0.0,1.0,0.0,0,0.5
733,Indian Summer Raspberry Dressing & Marinade,106,4.0,10.0,0.0,0.0,85,6
734,"Indian Simmer Sauce, Coconut Curry",100,10.0,7.0,1.0,1.0,0,0
735,"Whole Milk Yogurt, Indian Style",210,15.0,12.0,11.0,0.0,0,0
736,Lamb Vindaloo & Rice,310,39.0,10.0,14.0,2.0,0,5
737,Cayenne Tamarind Spiced Indian Probiotic Drink,200,28.0,4.5,13.0,1.0,0,0
738,Cinnamon Apple Butter,25,7.0,0.0,0.0,0.0,0,11
739,Indian Coconut Curry Chickpeas,190,21.0,9.0,7.0,6.0,0,10.0
740,Indian Style Brittle Crushed Peanut Chikki,180,17.0,10.0,5.0,1.0,0,1
741,"Simmer Sauces, Tikka Masala",60,4.0,4.5,1.0,1.0,0,0
742,Paneer Indian Style Cooking Cheese,90,1.0,7.0,6.0,0.0,0,13.0
743,Pork Roll Sausage,180,2.0,12.0,16.0,0.0,0,7.0
744,"Popcorn, Himalayan Pink Salt",140,17.0,6.0,3.0,3.0,0,10.0
745,Real Butter Fit Popcorn,120,20.0,3.5,3.0,4.0,0,7.0
746,"Rajasthani, Paratha, Soft Indian Bread",240,24.0,14.0,5.0,3.0,0,2
747,Aged White Cheddar Popcorn,150,14.0,9.0,3.0,2.0,0,0
748,"Fit Popcorn, Sea Salt",130,18.0,6.0,3.0,3.0,40.0,0
749,Samosas & Chutney,210,27.0,10.0,4.0,1.0,0,3
750,"Movie Theater Popcorn, Real Butter",160,13.0,12.0,2.0,3.0,0,1
751,Granola Popcorn Clusters with Flaxseeds & Coconut,140,23.0,4.5,2.0,2.0,0,0
752,Ruby Red Grapefruit Juice,90,24.0,0.0,1.0,3.0,0,1
753,"Indian Grain Bread, Organic",110,20.0,1.5,4.0,2.0,0,0
754,"Masala Noodles, with Chicken",210,23.0,7.0,14.0,2.0,5.0,2
755,100% Organic Ghee Grass-Fed,120,0.0,14.0,0.0,0.0,0,5
756,Tuna Chunks in Mild Indian Curry,84,3.0,4.0,10.0,0.0,0,10
757,Aged White Cheddar Popcorn,150,14.0,9.0,3.0,2.0,0,0
758,"Popcorn Chips, Himalayan Pink Salt",120,22.0,2.5,2.0,1.0,10.0,3
759,"Popcorn, Aged White Cheddar",150,14.0,9.0,3.0,2.0,35.0,3
760,"Popcorn, Aged White Cheddar",150,14.0,9.0,3.0,2.0,0,13
761,"Drizzlecorn, Dark Fudge Peppermint",130,21.0,5.0,1.0,1.0,10.0,4
762,"Popcorn, Aged White Cheddar",150,14.0,9.0,2.0,2.0,2.5,1
763,"Indian Vindaloo, Hot & Spicy",150,19.0,7.0,3.0,3.0,0,0
764,"Authentic Indian Bread, Malabari Paratha",120,20.0,3.5,3.0,1.0,7.0,4
765,Kashmiri Curry Indian Simmer Sauce,45,4.0,5.0,1.0,1.0,0,0
766,"Juice, Premium Apple",120,30.0,0.0,0.0,0.0,0,5
767,"Chicago Style Popcorn, Caramel & Cheese",140,20.0,6.0,1.0,1.0,0,27
768,"Chipins Popcorn Chips, Kettlecorn",130,22.0,4.0,2.0,0.0,0,26.0
769,Salted Desi Butter,100,0.0,11.0,0.0,0.0,5,4
770,"Concentrate Sauce, Coconut Cashew, Medium",160,7.0,15.0,2.0,1.0,0,3
771,"Kati Roll, Paneer Tikka",670,54.0,42.0,18.0,6.0,0,0
772,"Apple Sauce, Chunky",90,22.0,0.0,0.0,2.0,25,9
773,"Potato Chips, Indian Tikka Masala",150,17.0,8.0,2.0,2.0,0,0
774,Cinnamon Sugar Kettle Corn,230,38.0,8.0,2.0,3.0,40.0,1
775,Roasted Channa Roasted Chickpeas,110,17.0,1.5,7.0,3.0,0,3.0
776,"Organic Indian Madras Lentils, Original",140,17.0,6.0,6.0,6.0,25.0,1
777,Kolhapuri Indian Cooking Sauce,60,6.0,3.5,1.0,1.0,0,0
778,Organic Indian Coconut Squash Dal,180,24.0,7.0,6.0,6.0,0,4
779,Indian Black Lentil Stew,170,31.0,1.0,10.0,12.0,0,6
780,"Dahi, All Natural Indian Style Yogurt",170,14.0,8.0,9.0,0.0,0,0
781,"Chai Tea, Decaf Indian Spice",0,0.0,0.0,0.0,0.0,0,5.0
782,Ruby Red Grapefruit Juice,90,24.0,0.0,1.0,0.0,0,4.0
783,Valencia Orange Juice,110,26.0,0.0,2.0,0.0,0,19
784,Red Lentil Soup With Indian-Style Spices,190,23.0,8.0,8.0,5.0,0,6
785,"Indian Cooking Sauce, Butter Chicken",150,13.0,10.0,2.0,1.0,0,0
786,Vindaloo Curry Sauce,50,3.0,4.0,1.0,1.0,0,12
787,Chicken Coconut Curry,190,6.0,9.0,21.0,2.0,0,23
788,Indian Coconut Curry Chickpeas,190,21.0,9.0,7.0,6.0,0,10
789,Indian Snacks Corn Flakes Mixture,270,26.0,16.0,5.0,0.0,0,26
790,Indian Korma Curry Gourmet Meal Kit,160,14.0,10.0,3.0,3.0,0,3
791,Basmati Imported Indian Fragrant Rice 2 Lb Bag,160,36.0,0.0,3.0,0.0,0,4
792,Indian Essentials Chicken Curry Seasoning Mix,20,4.0,0.0,0.0,0.0,50,14
793,Indian Combo Chicken Tikka Masala Main Dish,220,17.0,10.0,16.0,2.0,40,6
794,Aloo Chaat Kati Pouch,320,36.0,18.0,5.0,2.0,20,22
795,"Indian Tonic Water, Naturally Light",35,7.8,0.0,0.0,0.0,0,4
796,Chick Pea & Kale with Indian Spices,270,40.0,8.0,11.0,9.0,0,5
797,"Popcorn Bar, Chocolate Lover's",100,17.0,3.5,1.0,1.0,0,14
798,"Fit Popcorn, Sea Salt",130,17.0,6.0,3.0,3.0,10.0,1.0
799,"Butter Chicken, Indian Stylee, Frozen",280,43.0,4.5,17.0,2.0,25,1
800,"Indian Cuisine, Punjab Potatoes",121,16.0,5.0,4.0,5.0,30,0
801,"Fit Popcorn Chips, Spinach Feta",130,19.0,5.0,2.0,1.0,0,0
802,Aged White Cheddar Popcorn,150,14.0,9.0,2.0,2.0,0,0
803,"Indian Snacks, Boondi, Chick Peas Balls",290,22.0,20.0,6.0,1.0,0,0
804,"Premium Indian Dessert, Soan Papdi",109,14.0,5.0,2.0,0.0,5.0,2
805,"Coffee, Grassfed Organic",122,0.0,14.0,0.0,0.0,0,0
806,Chai Indian Spiced White Latte,160,26.0,6.0,1.0,0.0,0,0
807,Indian Flat Bread with Potato & Ginger,210,41.0,2.5,6.0,3.0,5.0,0
808,"Juice, Natural Apple",120,30.0,0.0,0.0,0.0,0,11.0
809,"Fit Popcorn, Sea Salt",130,17.0,6.0,3.0,3.0,0,23
810,"Indian Snacks, Sour & Sweet Mix",270,29.0,15.0,5.0,0.0,0,3
811,"Indian Simmer Sauce, Butter Masala",100,6.0,8.0,1.0,0.5,30.0,3.0
812,Ponk with Tangy Sev,250,34.0,10.0,7.0,3.0,35,0
813,"Indian Simmer Sauce, Tikka Masala",160,12.0,12.0,2.0,3.0,0,0
814,Indian Fare Punjab Eggplant,150,13.0,9.0,4.0,2.0,5.0,2
815,Indian Soup,94,14.0,3.0,3.0,1.5,0,0
816,Indian Basmati White Rice,170,39.0,0.0,4.0,0.5,5.0,2
817,Chicken Biryani,280,37.0,7.0,18.0,2.0,5.0,2
818,"Fit Popcorn, Himalayan Pink Salt",130,17.0,6.0,3.0,3.0,0,12
819,"Sweet and Salty Flavor, Popcorn",130,19.0,6.0,2.0,2.0,5.0,2
820,"Premium Bacon, Natural Hardwood Smoked",80,0.0,7.0,5.0,0.0,0,5
821,Indian Curry Vegetable Meal,250,33.0,7.0,12.0,5.0,0,1
822,"Indian Coconut Squash Dal, Organic",180,24.0,7.0,6.0,6.0,0,3
823,Gluten Free Orange Juice,110,26.0,0.0,2.0,0.0,0,26.0
824,Peppercorn Berry Spiced Indian Probiotic Drink,150,22.0,3.0,9.0,3.0,5.0,9.0
825,Premium Indian Tonic Water,30,7.6,0.0,0.0,0.0,0,5.0
826,"Indian Cashews, Walnuts & Pistachos",170,7.0,14.0,5.0,2.0,30,0
827,Black & White Drizzle Corn,140,18.0,7.0,1.0,1.0,0,1
828,"Popcorn Chips, Himalayan Pink Salt",120,22.0,2.5,2.0,1.0,20,6
829,Coconut Curry Indian Simmer Sauce,100,8.0,7.0,1.0,1.0,0,16
830,Kettlecorn Sweet & Salty Popcorn,130,16.0,7.0,1.0,2.0,0,1
831,"Chickpea & Potatoes, Indian Style",140,23.0,4.0,4.0,4.0,0,13
832,"Best Grains, Indian Grain",100,20.0,1.5,4.0,2.0,0,0
833,Batata Wada Indian Vegetarian Burger,128,25.6,1.0,4.8,3.7,10.0,4
834,"Red Grapefruit, Fresh",45,11.0,0.0,1.0,2.0,0,4.0
835,Paneer Indian Cheese,75,0.5,6.0,6.0,0.0,0,1
836,Chipins White Cheddar Popcorn Chips,130,21.0,4.0,2.0,1.0,0,6
837,"Authentic Indian Noodles, Masala, SPicy",310,41.0,12.0,6.0,2.0,30,12
838,Whole Indian Masoor,130,22.0,0.5,8.0,11.0,0,0
839,Indian Gooseberry Amla,40,8.0,0.0,1.0,3.0,0,21
840,Chicken Coconut Curry,190,6.0,9.0,21.0,2.0,0,22
841,Ghee Clarified Butter,45,0.0,5.0,0.0,0.0,0,4
842,Golden Lentil Indian Dal,340,37.0,16.0,13.0,9.0,14.0,8
843,Whole Wheat Atta Paratha Indian Bread,180,30.0,4.0,5.0,2.0,0,1
844,"South Indian Delite, Murukku Round",147,16.5,8.0,2.8,1.5,80.0,3.0
845,Guyana & West Indian Lemonade Citronade,110,26.0,0.0,0.0,0.0,0,5
846,Indian-Inspired Butter Chicken Simmer Sauce,230,28.0,13.0,5.0,2.0,0,3
847,"Peanut Chikki, Indian Style Brittle",180,18.0,10.0,4.0,1.0,0,7.8
848,Kashmiri Dum Aloo,150,16.0,8.0,4.0,2.0,2.5,2.0
849,Indian Curry Sauce & Marinade,15,3.0,0.1,0.2,0.0,0,10
850,Traditional Indian Style Flatbread,340,60.0,5.0,10.0,2.0,0,0
851,Organic Indian Vegetable Biryani,120,25.0,0.5,5.0,2.0,35,6
852,"Pistachio Ice Cream, Indian Cardamom",350,31.0,23.0,6.0,1.0,0,0
853,Organic Indian Channa Masala,160,28.0,6.0,6.0,8.0,0,0
854,"Coconut Korma, Indian Simmer Sauce",90,10.0,11.0,2.0,1.0,5.0,2
855,"Dark Fudge Chocolate Chip, Drizzlecorn",140,18.0,7.0,2.0,2.0,0,0
856,"Puffed Pastry, Methi Khari",230,18.0,16.0,3.0,2.0,0,10.0
857,"Amla Slices, Indian Gooseberry Slices",60,13.0,0.0,1.0,3.0,24,0
858,"Pretzel Drizzlecorn, Dark Fudge",130,20.0,5.0,1.0,2.0,0,21
859,"Caramel & Cheese Popcorn, Chicago Style",140,20.0,6.0,1.0,1.0,0,3
860,"Potato Chips, Indian Tikka Masala",150,17.0,8.0,2.0,2.0,0,26.0
861,"Premium Select, Jamun, Indian Black Plum",80,19.0,0.0,1.0,1.0,0,0
862,"South Indian Delight, Madras Mixture",147,11.9,10.4,4.6,0.9,0,2
863,"Garlic Naan, Indian-Style Flatbread",340,59.0,5.0,10.0,2.0,15,3
864,Indian Basmati White Rice,160,35.0,0.0,4.0,0.0,0,4
865,"Apple Sauce, Cinnamon",100,25.0,0.0,0.0,2.0,0,6
866,"Samosas, Spicy Lentil",180,18.0,10.0,4.0,0.0,0,4
867,"Kettle Corn, Sweet & Salty",130,21.0,5.0,0.0,2.0,0,5.5
868,"Popcorn Bar, Chocolate Lover's",100,17.0,3.5,1.0,1.0,0,0
869,"Drizzlecorn, Chocolate Peanut Butter",140,19.0,7.0,2.0,1.0,60,5
870,"Apple Sauce, Natural",50,13.0,0.0,0.0,2.0,0,0
871,"Indian Fare, Yellow Tadka Dal",130,17.0,5.0,6.0,4.0,0,9.0
872,Organic Indian Madras Lentils,130,16.0,5.0,5.0,6.0,15,0
873,"Popcorn Indiana, Sweet 'N Salty",130,20.0,5.0,2.0,3.0,5.0,6
874,Aged White Cheddar Popcorn,150,14.0,9.0,2.0,2.0,0,1
875,Butter Chicken Seasoning Mix,10,2.0,0.0,0.0,0.0,0,22
876,"World Menu, Indian Inspired Butter Chicken",480,61.0,19.0,20.0,3.0,15,19
877,"Chipins, Sea Salt, Popcorn Chips",120,22.0,2.5,2.0,1.0,0,5.8
878,"South Indian Delite, Kara Ompodi",147,16.5,8.0,2.8,1.5,0,2
879,Patra Vegetarian Delight,190,32.0,3.0,9.0,5.0,0,11
880,Indian Spice Tea,15,0.0,0.0,0.0,0.0,0,0
881,Chocolate Peanut Butter Drizzlecorn,140,19.0,7.0,2.0,1.0,0,4
882,"Kettlecorn, Dark Fudge Peppermint",140,19.0,7.0,1.0,2.0,0,8
883,Spicy Indian Veggie,130,11.0,8.0,6.0,5.0,0,4
884,"Popcorn, Himalayan Pink Salt",130,17.0,6.0,3.0,3.0,0,4
885,"Drizzlecorn, Chocolate Peanut Butter",140,19.0,7.0,2.0,2.0,0,2.1
886,Cinnamon Sugar Kettle Corn,130,21.0,4.5,1.0,2.0,0,9
887,Vanilla Almond Granola Popcorn Clusters,130,22.0,4.0,3.0,2.0,25.0,0
888,Jalfrezi Indian Inspired Simmer Sauce,100,11.0,6.0,1.0,1.0,0,1
889,"Khakhara, Bajri Dhebra",295,34.0,13.0,10.0,4.0,0,3.0
890,Mari Banana Chips,170,16.0,11.0,2.0,1.0,0,0
891,Smoked Kielbasa,180,1.0,16.0,8.0,0.0,0,0
892,Green Beans From Local Indiana Farms,47,9.0,0.0,2.0,3.0,80.0,3.0
893,Korma Curry Sauce,80,5.0,6.0,1.0,1.0,10,0
894,Organic Indian Basmati Brown Rice,160,34.0,1.5,4.0,2.0,0,5
895,"Popcorn, Aged White Cheddar",120,11.0,8.0,2.0,2.0,0,0.5
896,Indian Fare Punjab Choley,210,27.0,8.0,7.0,6.0,0,0
897,Aged White Cheddar Popcorn,150,14.0,9.0,2.0,2.0,0,26
898,"Beer, Indian River Grapefruit",140,5.0,0.0,0.5,0.0,15,20
899,"Popcorn Bar, Chocolate Lover's",100,17.0,3.5,1.0,1.0,0,16
900,"Chip'ins Popcorn Chips, Sea Salt",120,22.0,2.5,2.0,1.0,15,2
901,"Naan Pizza, Jalapeno",230,33.0,6.0,12.0,2.0,0,2
902,Medium Concentrated Sauce Butter Masala,180,10.0,16.0,3.0,1.0,0,2
903,Black & White Drizzle Popcorn,150,20.0,7.0,1.0,1.0,0,0
904,Organic  Indian Madras Lentils,140,17.0,6.0,6.0,6.0,95,29.0
905,Desi Panner All Natural Indian Cheese,80,0.5,6.0,6.0,0.0,0,5.0
906,"Tomato Achaar, Indian Tomato-Chili Sauce",10,1.0,1.0,0.0,0.0,0,5
907,The Original Naan Pizza,210,37.0,3.0,9.0,2.0,0,12
908,Indian Basmati White Rice,170,39.0,0.0,4.0,1.0,0,0
909,"Vegetarian Delight, Patra",190,32.0,3.0,9.0,5.0,0,2
910,"Juice, Montmorency Cherry",140,34.0,0.0,1.0,0.0,0,11
911,"Juice, Premium Apple",120,30.0,0.0,0.0,0.0,5.0,9.0
912,"Veggie Tray, with Ranch Dip",80,8.0,5.0,1.0,2.0,0,1
913,Indian Style Petite Diced Tomatoes,25,5.0,0.0,1.0,1.0,0,5.0
914,"White Rice, Indian Basmati",170,39.0,0.0,4.0,0.5,0,0
915,Dahi All Natural Indian Style Yogurt,130,11.0,6.0,7.0,0.0,0,2
916,Jeera Puri Crispy Indian Crackers,140,17.0,7.0,3.0,2.0,0,0
917,Canadian Wild Smoked Salmon Indian Candy,90,3.0,2.5,14.0,1.0,0,21
918,Chilli Chow Cuppa Indian Noodles,350,45.0,16.0,6.0,2.0,0,0
919,Paneer Indian Style Cooking Cheese,90,1.0,7.0,6.0,0.0,0,0
920,Indian Basmati White Rice,180,40.0,0.5,4.0,1.0,0,10
921,Authentic Indian Noodles Masala Spicy,310,43.0,13.0,6.0,2.0,0,11
922,Authentic Indian Masala Chili Sauce,50,12.0,0.0,0.0,0.0,0,11
923,Indian Basmati White Rice,150,34.0,0.5,3.0,1.0,5.0,0
924,"Vindaloo Indian Simmer Sauce, Spicy",100,8.0,7.0,2.0,2.0,5.0,5.0
925,"Muruku, Tasty Southern Indian Tidbits, Hot N' Spicy",120,20.0,3.0,3.0,0.0,0,0
926,"Morningstar Farms Veggie Style Patty Spicy Indian Veggie 9.5Oz, Unprepared",130,11.0,8.0,6.0,5.0,0,1.0
927,"Worthington Msf Entrees Indian Chik'n Tikka 9Oz, Unprepared",339,45.0,12.0,17.0,8.9,0,13.0
928,"Wheeler's, The Original Praline Pecan, Pecans, Bourbon Praline",120,15.0,7.0,1.0,1.0,0,0
929,"Mukuru, Tasty Southern Indian Tidbits, Hot N' Spicy",120,20.0,3.0,3.0,0.0,0,6.0
930,Milk Chocolate Indian Sweet Curry With Pink Himalayan Sea Salt,270,26.0,13.0,2.0,2.0,0,24.0
931,"Spice Paste, for Indian Vindaloo Curry, Hot",35,2.0,3.0,0.0,0.0,0,0
932,"Pudding, Indian, New England Style",170,29.0,4.0,3.0,1.0,15,19
933,"Spice Paste, for Indian Korma Curry, Mild",35,2.0,3.0,0.0,0.0,0,0
934,"Marinade, for Indian Tandoori Tikka, Mild",35,2.0,3.0,0.0,0.0,0,0
935,"Certified Organic, Indian Rice Blend with Mung Beans & Lentils",230,41.0,3.5,8.0,4.0,0,0
936,"Peanuts, Cleveland Indians Salted & Roasted",170,7.0,12.0,7.0,3.0,0,1.0
937,Indian Garlic & Chilli Chicken,208,9.4,9.0,20.5,3.5,0,0
938,"Indian Ready Meals, Vegetable Supreme & Basmati Rice, vegetarian kosher",317,55.0,6.0,11.0,11.0,4,3
939,"Indian Ready Meals, Spinach Dal & Basmati Rice, vegan kosher",372,62.0,9.0,12.0,8.0,0,4
940,"Indian Ready Meals, Peas Paneer & Basmati Rice, vegetarian kosher",427,54.0,15.0,18.0,11.0,13,6.0
941,"Indian Ready Meals, Beans Masala & Basmati Rice, vegetarian kosher",426,75.0,8.0,14.0,13.0,0,5.0
942,"Organic White Rice, Indian Basmati",210,46.0,0.0,4.0,0.5,0,0
943,Old Fashioned Stone Ground Yellow Corn Meal,110,23.0,1.0,2.0,1.0,0,0
944,"Roasted Garlic Achaar, Indian Garlic- Chili Sauce",15,2.0,1.0,0.0,0.0,0,0
945,"Spice Paste, for Indian Butter Chicken",30,1.0,2.0,1.0,1.0,0,1
946,Extra Virgin Olive Oil Fit Popcorn,130,17.0,6.0,2.0,2.0,0,1
947,"Chicken & Mango, in a Tomato Curry Sauce",260,14.0,18.0,12.0,1.0,70,9.0
948,Spicy Para Wheat Flour Chips,170,16.0,10.0,3.0,2.0,0,0
949,"Dal Mooth, Mixture Of Lentils,Chickpea Flour Snacks & Spices",270,24.0,15.0,9.0,3.0,0,0
950,Organic Indian Potato and Peas Curry With Steamed Riced,180,34.0,3.0,5.0,3.0,0,0
951,Organic Indian Eggplant Curry with Steamed Rice,170,36.0,0.5,5.0,2.0,0,0
952,Organic Indian Split Lentil Curry With Steamed Rice,120,20.0,0.5,9.0,3.0,0,0
953,"Indian  Vegetable Korma,Vegetables in Creamy Coconut Sauce",120,14.0,6.0,3.0,2.0,0,3.0
954,"Artisan Indian Cuisine, Chicken Vindaloo with Lemon Rice",310,42.0,8.0,17.0,3.0,40.0,3
955,"Tandoori Naan, Authentic Indian Flatbread",244,46.0,3.0,7.0,3.0,0,0.5
956,In a Tomato Sauce Chicken & Mango Meatballs,260,14.0,18.0,12.0,1.0,70,9.0
957,"Artisan Indian RIce Bowl, Mild Butter Chicken",230,9.0,15.0,13.0,1.0,85,4
958,"Apple Sauce, Old Fashioned Cinnamon",100,25.0,0.0,0.0,2.0,0,21
959,"Indian Scratch Kit, Coconut Chicken Curry",60,8.0,3.0,1.5,0.0,0,0
960,"Fit Popcorn, Extra Virgin Olive Oil",130,17.0,6.0,2.0,3.0,0,0
961,Indian Wholke Wheat Flat Bread Blended With Nutritious Lentils,170,26.0,4.0,7.0,3.0,5.0,0
962,"Tasty Indian Snacks, Savory Rice & Split Pea Swirls",80,8.0,5.0,1.0,0.5,2.5,0.5
963,Dark Fudge Sea Salt Caramel Drizzle Corn,120,23.0,3.5,1.0,1.0,5.0,13.0
964,"Indian Meat Kit, Channa Masala",190,40.0,1.0,4.0,3.0,0,2
965,"Tamarind Curry Indian Simmer Sauce, medium",120,10.0,9.0,2.0,2.0,0,5.0
966,Special Reserve Root Beer,180,45.0,0.0,0.0,0.0,0,45
967,"Fit Popcorn, Extra Virgin Olive Oil",130,17.0,6.0,2.0,2.0,0,1
968,"Fit Popcorn Chips, Himalayan Pink Salt",120,22.0,2.5,2.0,1.0,0,0
969,Yellow Corn Meal. Old Fashioned Stone Ground,110,23.0,1.0,2.0,2.0,0,0.5
970,"Tomato Chilli Sauce, Authentic Indian, Hot & Sweet",50,13.0,0.0,0.0,0.0,0,12
971,Potato Samosas with Cilantro Chutney,280,26.0,19.0,5.0,3.0,0,1
972,Indian-Style Sweet Potato Curry Vegetable Blend,110,18.0,3.0,2.0,3.0,0,4
973,Spicy Indian Curry Hot & Savory Rice & Quinoa Meal,400,52.0,13.0,25.0,14.0,35.0,6
974,"Tasty Bite, Chickpea & Potatoes, Indian Style",140,23.0,4.0,4.0,4.0,0,4
975,"Primalfat Coconut Ghee, Organic & Virgin",122,0.0,14.0,0.0,0.0,0,22
976,"Lowfat Drinkable Yogurt, Raspberry Cinnamon Lassi",130,21.0,2.5,7.0,4.0,80,3
977,"Kettlecorn, Drizzled Black & White",140,17.0,8.0,1.0,2.0,19,0
978,Tikka Masala Indian Inspired Simmer Sauce,140,12.0,10.0,2.0,2.0,80.0,3
979,"21 Grams of Plant Protein, Vegetarian Indian Curry",300,36.0,6.0,21.0,9.0,0,0
980,"Authentic Indian Cuisine, Butter Chicken with Basmati Rice",280,34.0,9.0,17.0,2.0,0,0
981,"Indian Cooking Sauce, Mild Tikka Masala",70,7.0,4.0,1.0,1.0,0,0
982,"All Natural, Indian Tikka Masala, Traditional Crust Pizza",300,47.0,9.0,16.0,10.0,0,0
983,"Gluten Free Fit Popcorn Chips, Sweet Potato Cinnamon",140,21.0,5.0,2.0,1.0,0,1
984,Avalaki Mixture Mixed Rice Snacks South Indian Snacks,110,8.0,7.0,3.0,1.0,0,13
985,"Savory Sides, Sauced Garbanzos with Peppers, Onions & Curry, Indian Style",150,24.0,3.5,7.0,6.0,0,6
986,Organic Vegan Tikka Masala Indian Simmer Sauce,150,19.0,11.0,2.0,1.0,24,0
987,"Masala Pizza Infused with Real Indian Spices, Bombay Style",390,58.0,10.0,18.0,3.0,5.0,0
988,"Indian Meal Kit, Butter Chicken & Rice",240,46.0,4.0,4.0,1.0,0,0
989,Chicken Coconut Curry With Mango,180,11.0,6.0,22.0,0.0,0,5.0
990,"Ready-To-Cook, Sweet & Spicy Lentil Crisps",70,14.0,0.0,4.0,1.0,0,0
991,"Fit Popcorn Chips, Sweet Potato Cinnamon",140,21.0,5.0,2.0,1.0,0,0
992,Turmeric & Potato Melt Naanwich,320,46.0,9.0,13.0,3.0,0,5.0
993,"Apple Sauce, Old Fashioned",90,23.0,0.0,0.0,2.0,0,0
994,"Apple Sauce, Old Fashioned",90,23.0,0.0,0.0,2.0,0,2
995,"Veggie Burgers, Spicy Indian Veggies",130,11.0,8.0,6.0,5.0,6,0
996,"Indian Meal Kit, Butter Chicken, Mild",210,45.0,1.0,5.0,3.0,0,7.0
997,"Brown Basmati Rice with Lentils and Spinach, Indian Style",220,42.0,3.0,6.0,2.0,0,4
998,Mild Butter Chicken Indian Cooking Sauce,25,3.0,1.0,1.0,1.0,18.0,0
999,"No 5 Indian Spicy Mint, Coconut & Cilantro Sauce",25,5.0,0.0,0.5,0.5,10,16
1000,"Indian Simmer Sauce, Cashew Butter Masala",130,9.0,11.0,2.0,2.0,0,12
1001,Sev Hot Spicy Chickpea Flour Snack,300,21.0,21.0,6.0,3.0,20.0,8
1002,Indian Chick Peas Curry with Steamed Rice,160,33.0,0.5,5.0,2.0,0,8
1003,"Home Chef Collection, Vidaloo Curry Sauce",50,3.0,4.0,1.0,1.0,55,2
1004,Organic Indian Basmati Brown Rice,170,35.0,1.5,4.0,1.0,0,4.0
1005,"Palak Paneer (Savory Spinach w. Indian Cheese), wheat free, gluten free",380,46.0,15.0,14.0,6.0,15.0,6
1006,"Indian Ready Meals, Sprouts Curry & Basmati Rice, vegetarian kosher",363,63.0,6.0,14.0,12.0,0,4
1007,"Yellow Coconut Curry, Indian-Style Simmer Sauce",150,13.0,11.0,1.0,2.0,0,0
1008,"Indian Cooking Sauce, Butter Chicken",100,10.0,6.0,2.0,1.0,0,4
1009,"Golden Coconut Curry, Indian Simmer Sauce",150,11.0,12.0,2.0,3.0,0,4
1010,"Fit Popcorn, Extra Virgin Olive Oil",130,17.0,6.0,2.0,3.0,25,3
1011,Chicken Coconut Curry with Mango,180,11.0,6.0,22.0,0.0,0,2
1012,Sea Salt & Vinegar Potato Chip Snack,100,16.0,3.0,1.0,1.0,70,6.0
1013,"Probiotic Lowfat Drinkable Yogurt, Mango Rosewater Lassi",150,27.0,2.0,7.0,5.0,0,3.0
1014,"Indian Simmer Sauce, Goan Coconut, Medium",100,11.0,6.0,1.0,1.0,0,4
1015,Indian Style Basmati Rice Wood Fired Tandoori Flavor,170,38.0,1.0,4.0,1.0,15,8
1016,"Indian Yogurt Smoothie, Organic Alphonso Mango",180,18.0,9.0,9.0,0.0,0,18
1017,"Indian Cheese, Homestyle Pure Desi Paneer",90,0.5,8.0,6.0,0.0,0,18
1018,Organic Indian Red Kidney Beans Curry with Steamed Rice,170,35.0,1.5,5.0,3.0,0,1
1019,Vegan Tikka Masala Mild Indian Simmer Sauce,140,11.0,15.0,2.0,1.0,0,6
1020,Naturally Flavored Indian Basmati Rice,160,35.0,0.0,4.0,0.0,0,1
1021,Chicken Samosas with Cilantro Chutney,240,26.0,11.0,11.0,1.0,0,2
1022,"Drizzlecorn, Dark Fudge Sea Salt Caramel",120,23.0,3.5,1.0,1.0,0,1
1023,"Indian Scratch Kit, Chicken Tikka Masala",70,8.0,3.0,2.0,0.0,0,4
1024,Organic Indian Basmati Brown Rice,170,37.0,1.5,4.0,2.0,0,0
1025,South Indian Dal Mixture,170,12.0,12.0,4.5,2.0,0,0
1026,"Apple Sauce, Chunky Peach",100,25.0,0.0,0.0,1.0,0,1
1027,"Apple Sauce, Chunky Strawberry",110,26.0,0.0,0.0,2.0,0,0
1028,"Apple Sauce, Chunky Cherry",100,25.0,0.0,0.0,2.0,0,9
1029,"Chicken Breasts with Rib Meat, Boneless Skinless",130,0.0,3.0,24.0,0.0,15,5
1030,"Fit Popcorn, Extra Virgin Olive Oil",130,17.0,6.0,2.0,3.0,0,4.0
1031,"Granola Popcorn Clusters with Flax Seeds, Vanilla Almond",160,26.0,4.5,3.0,3.0,0,0
1032,"Kettle Cooked Potato Chips, Indian Tikka Masala",150,17.0,8.0,2.0,2.0,70,6.0
1033,Indiana Farmstand Chicken Corn Chowder Mix,160,32.0,0.5,9.0,9.0,0,0
1034,Indian Style All Natural Protein Bowl,380,66.0,8.0,12.0,12.0,10,25
1035,"Veggie Burgers, Spicy Indian Veggie",130,11.0,8.0,6.0,5.0,0,7.0
1036,"Chick Peas Curry with Steamed Rice, Organic Indian",160,33.0,0.5,5.0,2.0,0,1
1037,Palak Paneer Curried Spinach & Paneer Cheese,230,5.0,18.0,10.0,2.0,35,16
1038,"100% Valencia Orange Juice, Not from Concentrate",110,26.0,0.0,2.0,0.0,25.0,0
1039,"Butter Chicken with Basmati Rice, Indian Style",400,49.0,13.0,24.0,3.0,0,0
1040,Olive Oil Indian Cottage Cheese With Spinach Saag Paneer,167,12.0,11.0,5.0,1.0,0,6
1041,"Indian Style Sauce with Rice, Vegetables with Chicken",280,20.0,13.0,19.0,2.0,0,0
1042,"Indian Snacks, Moong Dal, Salted Lentils Snack",230,25.0,10.0,11.0,4.0,30.0,2
1043,"Chip Ins, Popcorn Chips, Sea Salt",120,22.0,2.5,2.0,1.0,5.0,13.0
1044,"Soup Mix, Indian Harvest Sausage Lentil",60,15.0,0.0,6.0,6.0,0,0
1045,Organic Indian Basmati White Rice,180,40.0,0.5,4.0,1.0,0,0
1046,"Organic Fit Popcorn, Extra Virgin Olive Oil",130,17.0,6.0,2.0,2.0,0,0
1047,Black & White Drizzle Popcorn Made With Real Cocoa,150,20.0,7.0,1.0,1.0,0,21
1048,"Chickpea Masala, Authentic Indian Chana Masala",240,29.0,11.0,8.0,6.0,0,21
1049,"Coffee, Casein Free, Lactose Free, Gluten Free",122,0.0,14.0,0.0,0.0,0,20
1050,All Natural Aged White Cheddar Popcorn,150,14.0,9.0,3.0,2.0,70,0
1051,"Gluten Free Fit Popcorn Chips, Spinach Feta",130,19.0,5.0,2.0,1.0,0,0
1052,"Simmer Sauce, Indian Coconut Pumpkin Curry",50,8.0,2.5,1.0,1.0,0,11.0
1053,Ratalu Diced Violet Indian Yam,85,20.0,0.0,1.0,3.0,0,1
1054,"Indian Essesntials, Chicken Biryani Seasonin gMix",15,3.0,0.0,0.0,0.0,0,7.0
1055,"Organic Indian Channa Masala Chickpeas with Tomato, Onion & Spices",160,28.0,6.0,6.0,8.0,0,8
1056,Khatta Meetha Sour & Sweet Mix Indian Snacks,270,27.0,16.0,5.0,1.0,0,1
1057,Crispy Indian Crackers with Millet Fenugreek Leaves & Spices,150,18.0,7.0,3.0,2.0,0,0
1058,"Upma, Dry-Roasted Semolina with Cashews, Carrots & Green Chilis",210,33.0,7.0,5.0,4.0,15,2
1059,"Bacon, Natural Hardwood Smoked",80,0.0,7.0,4.0,0.0,15,0
1060,"Bistro Express, Indian Style Curry with Basmati Rice",150,31.0,2.0,3.0,3.0,0,2
1061,Indian Butter Chicken Gourmet Cooking Kit,100,15.0,3.0,2.0,4.0,0,7
1062,Spice Paste for Indian Biryani Rice,35,2.0,3.0,0.0,0.5,0,0
1063,"Indian Whole Grain Bread, Pre-Priced",100,21.0,2.0,4.0,3.0,0,4.0
1064,"Ruby Red Grapefruit Juice, Not from Concentrate",90,24.0,0.0,1.0,0.0,0,23
1065,Green Chili Khichiya Rice Wafer,332,78.0,0.0,5.0,3.0,0,1
1066,"Naanwich, Savory Spinach & Feta",310,41.0,11.0,10.0,3.0,5,2
1067,"Classic Punjabi Dish, Indian Lentil & Tomato",203,26.0,6.0,11.0,4.0,7,6.0
1068,Garlic Soft and Charred Indian Style Bread,160,24.0,5.0,5.0,1.0,0,2
1069,"Organic Fit Popcorn, Himalayan Pink Salt",130,17.0,6.0,3.0,3.0,0,0
1070,"Artisan Indian Cuisine, Channa Masala with Lemon Rice",240,39.0,6.0,6.0,3.0,0,2
1071,Chicken Curry with Lentil Rice,250,32.0,4.5,19.0,2.0,50,1
1072,"Gluten Free Fit Popcorn Chips, Himalayan Pink Salt",120,22.0,2.5,2.0,1.0,0,0
1073,"Vindaloo Indian Simmer Sauce, Spicy, Tangy Coconut & Chili",100,8.0,7.0,2.0,2.0,0,5.0
1074,Best Indian Curry Hot Pepper Sauce,0,0.0,0.0,0.0,0.0,0,0
1075,Coconut Cashew Korma Indian Simmer Sauce,160,12.0,13.0,3.0,4.0,0,5
1076,Long Grain Indian Basmati White Rice,160,35.0,0.0,4.0,0.0,0,0
1077,Indian Basmati Long Grain White Rice,160,35.0,0.0,4.0,0.0,0,0
1078,Spice Paste For Indian Tikka Masala,30,2.0,2.0,0.0,0.5,0,0.5
1079,Indian Butter Chicken with Jasmine Rice,750,84.0,21.0,52.0,3.0,170.0,8
1080,"Turmeric Potatoes, Egg & Cheese Naanwich",340,44.0,11.0,14.0,3.0,110.0,4
1081,"Chicken Coconut Curry, with Mango",180,11.0,6.0,22.0,0.0,25,1
1082,Khichri Indian Comfort Rice Mix,310,47.0,10.0,9.0,4.0,0,26.0
1083,"100% Juice, Premium Apple",120,30.0,0.0,0.0,0.0,60,4
1084,Premium Tea And Indian Spices Spiced Chai,430,43.0,15.0,25.0,0.0,0,2
1085,"Mini Naan, Indian Style Tandoori Flat Bread",150,23.0,5.0,5.0,2.0,0,3
1086,Organic Whole Grain Indian Grain Bread,90,18.0,1.0,4.0,3.0,0,0
1087,"Indian Essentials, Chicken Tikka Masala Seasoning Mix",15,3.0,0.0,0.0,0.0,0,7.0
1088,"All Natural, Madras Curry, Indian Simmer Sauce, Medium",110,11.0,7.0,1.0,1.0,70,6.0
1089,Toasty Spices & Tangy Tomato Tikka Masala Indian Simmer Sauce,90,6.0,7.0,1.0,1.0,15,3
1090,Real Medleys Apple Nut Harvest Multigrain Fruit & Nut Bar,160,25.0,6.0,3.0,2.0,0,14.0
1091,"Indian Cuisine, Lentil, Red Beans & Spices in a Creamy Tomato Sauce",150,18.0,6.0,7.0,5.0,10,2
1092,"Popcorn Chips, Sea Salt, All Natural",120,22.0,2.0,2.0,1.0,0,0
1093,"Kettlecorn, Dark Fudge Chocolate Chip",140,18.0,7.0,2.0,2.0,0,12
1094,Organic Indian Basmati Long Grain White Rice,160,35.0,0.0,4.0,0.0,0,4
1095,Indian Vegetable Curry Cauliflower Quick Cup,160,16.0,7.0,6.0,7.0,0,1
1096,"Sev Regular, Snack made from Chickpea Flour & Salt",290,24.0,19.0,5.0,2.0,0,0
1097,Chicken & Mango Meatball Curry with Naan Bread & Basmati Rice,385,40.0,17.0,18.0,4.0,0,0
1098,"Corn Meal, Old Fashioned Stone Ground White",110,23.0,1.0,2.0,2.0,0,8
1099,Old Fashioned Stone Ground Yellow Corn Meal,110,23.0,1.0,2.0,2.0,0,1
1100,"Popcorn, Original Kettle 0.7 Oz Bags",92,15.0,3.0,1.0,1.0,75,13.0
1101,"Popcorn Chips, White Cheddar, All Natural",130,21.0,4.0,2.0,1.0,0,0
1102,"Organic Indian Basmati, Long Grain Brown Rice",160,34.0,1.5,4.0,2.0,0,0.5
1103,"100% Juice, Ruby Red Grapefruit, Original",90,24.0,0.0,1.0,0.0,0,23
1104,"Cooking Sauce, Jalfrezi Indian Cooking Sauce, Fruity & Spicy with Sliced Chilies",100,8.0,7.0,2.0,2.0,0,5
1105,"Home Chef Collection, Tikka Masala Curry Sauce",45,4.0,3.0,1.0,1.0,0,1
1106,Indian Spiced Style Lentils & Chickpeas in a Savory Tomato Curry Organic Beans,100,16.0,3.0,4.0,2.0,2.5,4
1107,"Methi Thepla, Indian Flat Bread with Fenugreek Leaves and Spices",125,22.0,3.0,3.0,4.0,0,2
1108,"Artisan Indian Cuisine, Chicken Tikka Masala with Saffron Rice, Medium",270,31.0,10.0,13.0,2.0,50,2
1109,"Indian Cooking Sauce, Tikka Masala with Coconut and a Hint of Black Cardamom",140,13.0,9.0,2.0,0.5,0,5
1110,"Indian Coconut Curry Chickpeas with Coconut Milk, Onion, Garlic & Spices",190,21.0,9.0,7.0,6.0,0,5
1111,"Gobi Paratha, Whole Wheat Indian Bread With Spiced Cauliflower Filling",215,34.0,6.0,6.0,6.0,0,3
1112,Indian Chicken,299,28.9,5.7,13.2,5.3,0,7.9
1113,Easy Indian Korma Curry Paste,250,12.0,22.0,2.0,1.0,18.3,44.6
1114,Indian Lentil Low-Fat Vegan,160,25.0,3.0,8.0,9.0,0,2.5
1115,Easy Indian Tikka Masala Sauce,470,78.0,14.0,8.0,0.0,7.6,2.8
1116,Easy Indian Mutter Paneer,420,56.9,15.9,11.0,6.0,172.3,0.1
1117,Easy Indian Chana Masala,460,78.1,11.0,12.9,5.0,5.7,4.6
1118,Easy Indian Vegetable Korma,460,71.0,15.9,9.1,6.0,0,0.1
1119,Nacho Cheese Sauce,40,3.0,3.5,0.0,0.0,0,3.8
1120,Easy Indian Korma Curry Sauce,502,86.0,14.0,8.0,0.0,372.0,4.6
1121,Easy Indian Tikka Masala Paste,150,8.0,12.0,2.0,1.0,0,0.8
1122,#63 Indian Chicken Melt Special Sandwich on Wheat,292,32.0,6.0,24.0,4.0,0,8.2
1123,"Chocolate Shake, Large (Indianapolis only)",920,168.0,29.0,23.0,6.0,73.7,2.2
1124,Indian Taco (Tuesdays Only),820,82.0,36.0,45.0,15.0,4.3,11.6
1125,"Chocolate Shake, Kids (Indianapolis only)",230,42.0,7.0,6.0,1.0,56.8,8.2
1126,"Chocolate Shake, Small (Indianapolis only)",490,88.0,15.0,12.0,3.0,273.1,5.0
1127,"Chocolate Shake, Medium (Indianapolis only)",690,126.0,22.0,17.0,4.0,0,5.0
1128,Ranch Dressing,160,1.0,17.0,0.0,0.0,129.7,8.6
1129,"Indian Grain Bread, Low-Fat",200,35.0,1.5,11.0,0.0,24.6,8.8
1130,Indian Lentil Soup,160,25.0,3.0,8.0,9.0,10.1,9.4
1131,"Dogfish Head Indian Brown, 16 oz",310,41.0,0.0,3.0,0.0,126.8,3.7
1132,"Indian Butter Chicken withNaan, Lunch with Rice",330,32.0,11.0,24.0,1.0,22.1,10.2
1133,"Dogfish Head Indian Brown, 22 oz",420,56.0,0.0,4.0,0.0,40.4,5.9
1134,"Indian Butter Chicken withNaan, Sumo with Rice",900,97.0,32.0,51.0,4.0,0,0
1135,"Indian Butter Chicken withNaan, Regular with Rice",620,64.0,22.0,37.0,2.0,10.0,0
1136,Indian Aloo Gobi,380,54.6,14.9,11.1,10.8,0,0
1137,"Indian Carrots, Peas, and Potatoes",315,45.0,12.4,6.0,7.3,0,0
1138,Indian-Spiced Cauliflower Rice,95,7.8,6.7,2.9,3.1,10.0,0
1139,Indian Rice Pudding,327,54.1,6.2,14.5,1.2,0,0
1140,Indian Flavored Pounded Chicken,328,2.9,10.0,53.7,0.7,0,0
1141,Traditional Indian Raita,80,6.3,0.8,12.2,0.8,0,
1142,Indian Fried Cabbage,112,9.0,7.5,4.7,3.5,4.0,0
1143,Indian Spiced Roasted Chickpeas,301,34.4,14.2,12.3,11.4,15,
1144,Indian Kheema,258,6.0,15.2,23.9,1.7,46,4
1145,Hot and spicy Indian scrambled egg chutney,246,10.3,16.7,14.4,2.4,145,127
1146,Indian Street Corn Salad,142,25.0,5.1,4.3,3.2,85,0
1147,Indian Basmati Rice with Peas,192,39.5,1.6,4.1,1.4,35,32
1148,Flat Bread Pizza,592,51.7,30.1,30.2,5.0,75,67.0
1149,Mango Strawberry Lassi,93,13.6,0.6,9.3,1.5,110.0,95.0
1150,Chickpea Indian Bowl,606,66.9,34.0,11.5,11.0,10.0,
1151,Indian Crab Curry,224,24.8,11.3,9.7,6.1,15,5
1152,Indian Lamb Chops wih Curried Cauliflower,405,10.2,28.4,28.4,3.9,0,5
1153,Pressure Cooker South Indian Sambar,238,47.7,1.4,10.7,8.1,0,0
1154,Easy Indian Butter Chicken,910,32.8,80.8,14.4,2.5,85,3
1155,Indian Spiced Lamb,541,15.2,37.9,36.0,3.0,0,0
1156,Thai Curry Naan Pizza,413,57.6,14.1,16.8,6.1,200,9
1157,"Grape Tomato, Basil, and Ricotta Flatbread Pizza",620,60.8,30.8,25.0,5.4,145,6
